ID,post_author,post_date,post_date_gmt,post_content,post_title,post_excerpt,post_status,comment_status,ping_status,post_password,post_name,to_ping,pinged,post_modified,post_modified_gmt,post_content_filtered,post_parent,guid,menu_order,post_type,post_mime_type,comment_count,filter,meta:_edit_last,meta:_edit_lock,meta:_wp_page_template,meta:ehf_target_include_locations,meta:ehf_target_exclude_locations,meta:ehf_target_user_roles,meta:ehf_template_type,meta:site-sidebar-layout,meta:ast-site-content-layout,meta:site-content-style,meta:site-sidebar-style,meta:theme-transparent-header-meta,meta:_yoast_wpseo_content_score,meta:_yoast_wpseo_estimated-reading-time-minutes,meta:_elementor_edit_mode,meta:_elementor_template_type,meta:_elementor_version,meta:_elementor_pro_version,meta:_astra_content_layout_flag,meta:site-post-title,meta:ast-title-bar-display,meta:ast-featured-img,meta:ekit_post_views_count,meta:_elementor_data,meta:astra-migrate-meta-layouts,meta:_elementor_css,meta:_elementor_page_assets,meta:_elementor_element_cache
12654,1,"2025-07-17 18:31:21","2025-07-17 18:31:21","<h2>HOSTING</h2>				
					<h2><a href=""/"">Web hosting</a></h2>				
					<h2><a href=""https://www.fyphost.com/wordpress-hosting/"">Hosting for WordPress</a></h2>				
					<h2><a href=""https://www.fyphost.com/linux-vps/"">Linux VPS hosting</a></h2>				
					<h2><a href=""https://www.fyphost.com/windows-vps/"">Windows VPS hosting</a></h2>				
					<h2><a href=""/#"">Business email</a></h2>				
					<h2><a href=""https://www.fyphost.com/cloud-hosting/"">Cloud hosting</a></h2>				
					<h2><a href=""https://www.fyphost.com/Woocomrece-Hosting"">Hosting for WooCommerce</a></h2>				
					<h2><a href=""/n8n"">n8n cloud</a></h2>				
					<h2>DOMAIN</h2>				
					<h2><a href=""https://www.fyphost.com/domains/"">Domain name search</a></h2>				
					<h2><a href=""/domain-offers"">Cheap Domain names</a></h2>				
					<h2><a href=""https://www.fyphost.com/domains/"">Domain Tansfer</a></h2>				
					<h2>Top tlds</h2>				
					<h2>COMPANY</h2>				
					<h2><a href=""https://www.fyphost.com/about-us/"">About Fyphost</a></h2>				
					<h2><a href=""/Privacy-Policy"">Privacy Policy</a></h2>				
					<h2><a href=""https://www.fyphost.com/terms-conditions"">Terms and conditions</a></h2>				
					<h2><a href=""https://www.fyphost.com/refund-policy/"">Refund Policy</a></h2>				
					<h2>SUPPORT</h2>				
					<h2><a href=""/Tutorials"">Tutorials</a></h2>				
					<h2><a href=""https://wa.me/9734706347"">Whatsapp</a></h2>				
					<h2><a href=""https://www.fyphost.com/contact-us"">Contact US</a></h2>				
					<h2><a href=""https://www.fyphost.com/help-form/"">Report abuse</a></h2>				
															<img width=""70"" height=""45"" src=""https://www.fyphost.com/wp-content/uploads/2025/07/VISA.png"" alt="""" />															
															<img width=""70"" height=""45"" src=""https://www.fyphost.com/wp-content/uploads/2025/07/MC.png"" alt="""" />															
															<img width=""78"" height=""45"" src=""https://www.fyphost.com/wp-content/uploads/2025/07/DCO.png"" alt="""" />															
															<img width=""70"" height=""45"" src=""https://www.fyphost.com/wp-content/uploads/2025/07/DC.png"" alt="""" />															
															<img width=""70"" height=""45"" src=""https://www.fyphost.com/wp-content/uploads/2025/07/RUPAY.png"" alt="""" />															
															<img width=""70"" height=""50"" src=""https://www.fyphost.com/wp-content/uploads/2025/07/PAYPAL.webp"" alt="""" />															
															<img width=""70"" height=""45"" src=""https://www.fyphost.com/wp-content/uploads/2025/07/UPI.png"" alt="""" />															
															<img width=""70"" height=""45"" src=""https://www.fyphost.com/wp-content/uploads/2025/07/BTC.png"" alt="""" />															
					<a href=""https://www.youtube.com/@fyphost"" target=""_blank"">
						Youtube
						<svg aria-hidden=""true"" viewBox=""0 0 576 512"" xmlns=""http://www.w3.org/2000/svg""><path d=""M549.655 124.083c-6.281-23.65-24.787-42.276-48.284-48.597C458.781 64 288 64 288 64S117.22 64 74.629 75.486c-23.497 6.322-42.003 24.947-48.284 48.597-11.412 42.867-11.412 132.305-11.412 132.305s0 89.438 11.412 132.305c6.281 23.65 24.787 41.5 48.284 47.821C117.22 448 288 448 288 448s170.78 0 213.371-11.486c23.497-6.321 42.003-24.171 48.284-47.821 11.412-42.867 11.412-132.305 11.412-132.305s0-89.438-11.412-132.305zm-317.51 213.508V175.185l142.739 81.205-142.739 81.201z""></path></svg>					</a>
					<a target=""_blank"">
						Facebook
						<svg aria-hidden=""true"" viewBox=""0 0 512 512"" xmlns=""http://www.w3.org/2000/svg""><path d=""M504 256C504 119 393 8 256 8S8 119 8 256c0 123.78 90.69 226.38 209.25 245V327.69h-63V256h63v-54.64c0-62.15 37-96.48 93.67-96.48 27.14 0 55.52 4.84 55.52 4.84v61h-31.28c-30.8 0-40.41 19.12-40.41 38.73V256h68.78l-11 71.69h-57.78V501C413.31 482.38 504 379.78 504 256z""></path></svg>					</a>
					<a href=""https://x.com/@fyphostdotcom"" target=""_blank"">
						X-twitter
						<svg aria-hidden=""true"" viewBox=""0 0 512 512"" xmlns=""http://www.w3.org/2000/svg""><path d=""M389.2 48h70.6L305.6 224.2 487 464H345L233.7 318.6 106.5 464H35.8L200.7 275.5 26.8 48H172.4L272.9 180.9 389.2 48zM364.4 421.8h39.1L151.1 88h-42L364.4 421.8z""></path></svg>					</a>
					<a href=""http://instagram.com/@fyphost"" target=""_blank"">
						Instagram
						<svg aria-hidden=""true"" viewBox=""0 0 448 512"" xmlns=""http://www.w3.org/2000/svg""><path d=""M224.1 141c-63.6 0-114.9 51.3-114.9 114.9s51.3 114.9 114.9 114.9S339 319.5 339 255.9 287.7 141 224.1 141zm0 189.6c-41.1 0-74.7-33.5-74.7-74.7s33.5-74.7 74.7-74.7 74.7 33.5 74.7 74.7-33.6 74.7-74.7 74.7zm146.4-194.3c0 14.9-12 26.8-26.8 26.8-14.9 0-26.8-12-26.8-26.8s12-26.8 26.8-26.8 26.8 12 26.8 26.8zm76.1 27.2c-1.7-35.9-9.9-67.7-36.2-93.9-26.2-26.2-58-34.4-93.9-36.2-37-2.1-147.9-2.1-184.9 0-35.8 1.7-67.6 9.9-93.9 36.1s-34.4 58-36.2 93.9c-2.1 37-2.1 147.9 0 184.9 1.7 35.9 9.9 67.7 36.2 93.9s58 34.4 93.9 36.2c37 2.1 147.9 2.1 184.9 0 35.9-1.7 67.7-9.9 93.9-36.2 26.2-26.2 34.4-58 36.2-93.9 2.1-37 2.1-147.8 0-184.8zM398.8 388c-7.8 19.6-22.9 34.7-42.6 42.6-29.5 11.7-99.5 9-132.1 9s-102.7 2.6-132.1-9c-19.6-7.8-34.7-22.9-42.6-42.6-11.7-29.5-9-99.5-9-132.1s-2.6-102.7 9-132.1c7.8-19.6 22.9-34.7 42.6-42.6 29.5-11.7 99.5-9 132.1-9s102.7-2.6 132.1 9c19.6 7.8 34.7 22.9 42.6 42.6 11.7 29.5 9 99.5 9 132.1s2.7 102.7-9 132.1z""></path></svg>					</a>
					<a href=""https://www.linkedin.com/company/fyphost"" target=""_blank"">
						Linkedin
						<svg aria-hidden=""true"" viewBox=""0 0 448 512"" xmlns=""http://www.w3.org/2000/svg""><path d=""M416 32H31.9C14.3 32 0 46.5 0 64.3v383.4C0 465.5 14.3 480 31.9 480H416c17.6 0 32-14.5 32-32.3V64.3c0-17.8-14.4-32.3-32-32.3zM135.4 416H69V202.2h66.5V416zm-33.2-243c-21.3 0-38.5-17.3-38.5-38.5S80.9 96 102.2 96c21.2 0 38.5 17.3 38.5 38.5 0 21.3-17.2 38.5-38.5 38.5zm282.1 243h-66.4V312c0-24.8-.5-56.7-34.5-56.7-34.6 0-39.9 27-39.9 54.9V416h-66.4V202.2h63.7v29.2h.9c8.9-16.8 30.6-34.5 62.9-34.5 67.2 0 79.7 44.3 79.7 101.9V416z""></path></svg>					</a>
					<h2>© 2026, Fyphost Technologies. All rights reserved.</h2>",footer,,publish,closed,closed,,ops-heaader,,,"2026-04-12 20:09:03","2026-04-12 20:09:03",,0,https://www.fyphost.com/?post_type=elementor-hf&#038;p=12654,0,elementor-hf,,0,raw,1,1776024546:1,default,"a:2:{s:4:""rule"";a:1:{i:0;s:12:""basic-global"";}s:8:""specific"";a:0:{}}",a:0:{},"a:1:{i:0;s:3:""all"";}",type_footer,no-sidebar,full-width-container,default,default,default,90,3,builder,wp-post,4.0.1,3.24.0,disabled,disabled,disabled,disabled,73,"[{""id"":""7ffe1ce"",""elType"":""section"",""settings"":{""structure"":""40"",""content_width"":{""unit"":""px"",""size"":1600,""sizes"":[]},""margin"":{""unit"":""px"",""top"":""50"",""right"":0,""bottom"":""0"",""left"":0,""isLinked"":false}},""elements"":[{""id"":""9e9b6e2"",""elType"":""column"",""settings"":{""_column_size"":25,""_inline_size"":null,""margin"":{""unit"":""px"",""top"":""0"",""right"":""0"",""bottom"":""0"",""left"":""90"",""isLinked"":false},""padding"":{""unit"":""px"",""top"":""0"",""right"":""0"",""bottom"":""0"",""left"":""0"",""isLinked"":false},""margin_mobile"":{""unit"":""px"",""top"":""0"",""right"":""0"",""bottom"":""0"",""left"":""20"",""isLinked"":false}},""elements"":[{""id"":""c882787"",""elType"":""widget"",""settings"":{""title"":""HOSTING"",""typography_typography"":""custom"",""typography_font_size"":{""unit"":""px"",""size"":20,""sizes"":[]},""_margin"":{""unit"":""px"",""top"":""0"",""right"":""0"",""bottom"":""0"",""left"":""0"",""isLinked"":true},""align"":""left""},""elements"":[],""widgetType"":""heading""},{""id"":""b0da96b"",""elType"":""widget"",""settings"":{""title"":""Web hosting"",""typography_typography"":""custom"",""typography_font_family"":""Poppins"",""typography_font_size"":{""unit"":""px"",""size"":15,""sizes"":[]},""typography_font_weight"":""400"",""_margin"":{""unit"":""px"",""top"":""0"",""right"":""0"",""bottom"":""0"",""left"":""0"",""isLinked"":true},""link"":{""url"":""\/"",""is_external"":"""",""nofollow"":"""",""custom_attributes"":""""},""align"":""left""},""elements"":[],""widgetType"":""heading""},{""id"":""0189e4d"",""elType"":""widget"",""settings"":{""title"":""Hosting for WordPress"",""typography_typography"":""custom"",""typography_font_family"":""Poppins"",""typography_font_size"":{""unit"":""px"",""size"":15,""sizes"":[]},""typography_font_weight"":""400"",""_margin"":{""unit"":""px"",""top"":""0"",""right"":""0"",""bottom"":""0"",""left"":""0"",""isLinked"":true},""link"":{""url"":""https:\/\/www.fyphost.com\/wordpress-hosting\/"",""is_external"":"""",""nofollow"":"""",""custom_attributes"":""""},""align"":""left""},""elements"":[],""widgetType"":""heading""},{""id"":""0c68c81"",""elType"":""widget"",""settings"":{""title"":""Linux VPS hosting"",""typography_typography"":""custom"",""typography_font_family"":""Poppins"",""typography_font_size"":{""unit"":""px"",""size"":15,""sizes"":[]},""typography_font_weight"":""400"",""_margin"":{""unit"":""px"",""top"":""0"",""right"":""0"",""bottom"":""0"",""left"":""0"",""isLinked"":true},""link"":{""url"":""https:\/\/www.fyphost.com\/linux-vps\/"",""is_external"":"""",""nofollow"":"""",""custom_attributes"":""""},""align"":""left""},""elements"":[],""widgetType"":""heading""},{""id"":""642a927"",""elType"":""widget"",""settings"":{""title"":""Windows VPS hosting"",""typography_typography"":""custom"",""typography_font_family"":""Poppins"",""typography_font_size"":{""unit"":""px"",""size"":15,""sizes"":[]},""typography_font_weight"":""400"",""_margin"":{""unit"":""px"",""top"":""0"",""right"":""0"",""bottom"":""0"",""left"":""0"",""isLinked"":true},""link"":{""url"":""https:\/\/www.fyphost.com\/windows-vps\/"",""is_external"":"""",""nofollow"":"""",""custom_attributes"":""""},""align"":""left""},""elements"":[],""widgetType"":""heading""},{""id"":""16e3cec"",""elType"":""widget"",""settings"":{""title"":""Business email"",""typography_typography"":""custom"",""typography_font_family"":""Poppins"",""typography_font_size"":{""unit"":""px"",""size"":15,""sizes"":[]},""typography_font_weight"":""400"",""_margin"":{""unit"":""px"",""top"":""0"",""right"":""0"",""bottom"":""0"",""left"":""0"",""isLinked"":true},""link"":{""url"":""\/#"",""is_external"":"""",""nofollow"":"""",""custom_attributes"":""""},""align"":""left""},""elements"":[],""widgetType"":""heading""},{""id"":""a1985e5"",""elType"":""widget"",""settings"":{""title"":""Cloud hosting"",""typography_typography"":""custom"",""typography_font_family"":""Poppins"",""typography_font_size"":{""unit"":""px"",""size"":15,""sizes"":[]},""typography_font_weight"":""400"",""_margin"":{""unit"":""px"",""top"":""0"",""right"":""0"",""bottom"":""0"",""left"":""0"",""isLinked"":true},""link"":{""url"":""https:\/\/www.fyphost.com\/cloud-hosting\/"",""is_external"":"""",""nofollow"":"""",""custom_attributes"":""""},""align"":""left""},""elements"":[],""widgetType"":""heading""},{""id"":""86b7f44"",""elType"":""widget"",""settings"":{""title"":""Hosting for WooCommerce"",""typography_typography"":""custom"",""typography_font_family"":""Poppins"",""typography_font_size"":{""unit"":""px"",""size"":15,""sizes"":[]},""typography_font_weight"":""400"",""_margin"":{""unit"":""px"",""top"":""0"",""right"":""0"",""bottom"":""0"",""left"":""0"",""isLinked"":true},""link"":{""url"":""https:\/\/www.fyphost.com\/Woocomrece-Hosting"",""is_external"":"""",""nofollow"":"""",""custom_attributes"":""""},""align"":""left""},""elements"":[],""widgetType"":""heading""},{""id"":""7913a5f"",""elType"":""widget"",""settings"":{""title"":""n8n cloud"",""typography_typography"":""custom"",""typography_font_family"":""Poppins"",""typography_font_size"":{""unit"":""px"",""size"":15,""sizes"":[]},""typography_font_weight"":""400"",""_margin"":{""unit"":""px"",""top"":""0"",""right"":""0"",""bottom"":""0"",""left"":""0"",""isLinked"":true},""link"":{""url"":""\/n8n"",""is_external"":"""",""nofollow"":"""",""custom_attributes"":""""},""align"":""left""},""elements"":[],""widgetType"":""heading""}],""isInner"":false},{""id"":""442e6d4"",""elType"":""column"",""settings"":{""_column_size"":25,""_inline_size"":null,""margin"":{""unit"":""px"",""top"":""0"",""right"":""0"",""bottom"":""0"",""left"":""50"",""isLinked"":false},""margin_mobile"":{""unit"":""px"",""top"":""0"",""right"":""0"",""bottom"":""0"",""left"":""10"",""isLinked"":false}},""elements"":[{""id"":""c2af52a"",""elType"":""widget"",""settings"":{""title"":""DOMAIN"",""typography_typography"":""custom"",""typography_font_size"":{""unit"":""px"",""size"":20,""sizes"":[]},""_margin"":{""unit"":""px"",""top"":""0"",""right"":""0"",""bottom"":""0"",""left"":""0"",""isLinked"":true},""align"":""left""},""elements"":[],""widgetType"":""heading""},{""id"":""586c011"",""elType"":""widget"",""settings"":{""title"":""Domain name search"",""typography_typography"":""custom"",""typography_font_family"":""Poppins"",""typography_font_size"":{""unit"":""px"",""size"":15,""sizes"":[]},""typography_font_weight"":""400"",""_margin"":{""unit"":""px"",""top"":""0"",""right"":""0"",""bottom"":""0"",""left"":""0"",""isLinked"":true},""link"":{""url"":""https:\/\/www.fyphost.com\/domains\/"",""is_external"":"""",""nofollow"":"""",""custom_attributes"":""""},""align"":""left""},""elements"":[],""widgetType"":""heading""},{""id"":""a770cbd"",""elType"":""widget"",""settings"":{""title"":""Cheap Domain names"",""typography_typography"":""custom"",""typography_font_family"":""Poppins"",""typography_font_size"":{""unit"":""px"",""size"":15,""sizes"":[]},""typography_font_weight"":""400"",""_margin"":{""unit"":""px"",""top"":""0"",""right"":""0"",""bottom"":""0"",""left"":""0"",""isLinked"":true},""link"":{""url"":""\/domain-offers"",""is_external"":"""",""nofollow"":"""",""custom_attributes"":""""},""align"":""left""},""elements"":[],""widgetType"":""heading""},{""id"":""8c62617"",""elType"":""widget"",""settings"":{""title"":""Domain Tansfer"",""typography_typography"":""custom"",""typography_font_family"":""Poppins"",""typography_font_size"":{""unit"":""px"",""size"":15,""sizes"":[]},""typography_font_weight"":""400"",""_margin"":{""unit"":""px"",""top"":""0"",""right"":""0"",""bottom"":""0"",""left"":""0"",""isLinked"":true},""link"":{""url"":""https:\/\/www.fyphost.com\/domains\/"",""is_external"":"""",""nofollow"":"""",""custom_attributes"":""""},""align"":""left""},""elements"":[],""widgetType"":""heading""},{""id"":""5d6484f"",""elType"":""widget"",""settings"":{""title"":""Top tlds"",""typography_typography"":""custom"",""typography_font_family"":""Poppins"",""typography_font_size"":{""unit"":""px"",""size"":15,""sizes"":[]},""typography_font_weight"":""400"",""_margin"":{""unit"":""px"",""top"":""0"",""right"":""0"",""bottom"":""0"",""left"":""0"",""isLinked"":true},""align"":""left""},""elements"":[],""widgetType"":""heading""}],""isInner"":false},{""id"":""938bd3e"",""elType"":""column"",""settings"":{""_column_size"":25,""_inline_size"":24.742,""margin"":{""unit"":""px"",""top"":""0"",""right"":""0"",""bottom"":""0"",""left"":""50"",""isLinked"":false},""padding"":{""unit"":""px"",""top"":""0"",""right"":""0"",""bottom"":""0"",""left"":""0"",""isLinked"":false},""margin_mobile"":{""unit"":""px"",""top"":""0"",""right"":""0"",""bottom"":""0"",""left"":""20"",""isLinked"":false}},""elements"":[{""id"":""411fa39"",""elType"":""widget"",""settings"":{""title"":""COMPANY"",""typography_typography"":""custom"",""typography_font_size"":{""unit"":""px"",""size"":20,""sizes"":[]},""_margin"":{""unit"":""px"",""top"":""0"",""right"":""0"",""bottom"":""0"",""left"":""0"",""isLinked"":true},""align"":""left"",""_padding"":{""unit"":""px"",""top"":""0"",""right"":""0"",""bottom"":""0"",""left"":""0"",""isLinked"":true}},""elements"":[],""widgetType"":""heading""},{""id"":""89b41ce"",""elType"":""widget"",""settings"":{""title"":""About Fyphost"",""typography_typography"":""custom"",""typography_font_family"":""Poppins"",""typography_font_size"":{""unit"":""px"",""size"":15,""sizes"":[]},""typography_font_weight"":""400"",""_margin"":{""unit"":""px"",""top"":""0"",""right"":""0"",""bottom"":""0"",""left"":""0"",""isLinked"":false},""link"":{""url"":""https:\/\/www.fyphost.com\/about-us\/"",""is_external"":"""",""nofollow"":"""",""custom_attributes"":""""},""align"":""left""},""elements"":[],""widgetType"":""heading""},{""id"":""a937e9a"",""elType"":""widget"",""settings"":{""title"":""Privacy Policy"",""typography_typography"":""custom"",""typography_font_family"":""Poppins"",""typography_font_size"":{""unit"":""px"",""size"":15,""sizes"":[]},""typography_font_weight"":""400"",""_margin"":{""unit"":""px"",""top"":""0"",""right"":""0"",""bottom"":""0"",""left"":""0"",""isLinked"":false},""link"":{""url"":""\/Privacy-Policy"",""is_external"":"""",""nofollow"":"""",""custom_attributes"":""""},""align"":""left""},""elements"":[],""widgetType"":""heading""},{""id"":""b1ae3e3"",""elType"":""widget"",""settings"":{""title"":""Terms and conditions"",""typography_typography"":""custom"",""typography_font_family"":""Poppins"",""typography_font_size"":{""unit"":""px"",""size"":15,""sizes"":[]},""typography_font_weight"":""400"",""_margin"":{""unit"":""px"",""top"":""0"",""right"":""0"",""bottom"":""0"",""left"":""0"",""isLinked"":false},""link"":{""url"":""https:\/\/www.fyphost.com\/terms-conditions"",""is_external"":"""",""nofollow"":"""",""custom_attributes"":""""},""align"":""left""},""elements"":[],""widgetType"":""heading""},{""id"":""0f23a9c"",""elType"":""widget"",""settings"":{""title"":""Refund Policy"",""typography_typography"":""custom"",""typography_font_family"":""Poppins"",""typography_font_size"":{""unit"":""px"",""size"":15,""sizes"":[]},""typography_font_weight"":""400"",""_margin"":{""unit"":""px"",""top"":""0"",""right"":""0"",""bottom"":""0"",""left"":""0"",""isLinked"":false},""link"":{""url"":""https:\/\/www.fyphost.com\/refund-policy\/"",""is_external"":"""",""nofollow"":"""",""custom_attributes"":""""},""align"":""left""},""elements"":[],""widgetType"":""heading""}],""isInner"":false},{""id"":""bcd0d14"",""elType"":""column"",""settings"":{""_column_size"":25,""_inline_size"":25.258,""margin"":{""unit"":""px"",""top"":""0"",""right"":""0"",""bottom"":""0"",""left"":""40"",""isLinked"":false},""margin_mobile"":{""unit"":""px"",""top"":""0"",""right"":""0"",""bottom"":""0"",""left"":""10"",""isLinked"":false}},""elements"":[{""id"":""80b927f"",""elType"":""widget"",""settings"":{""title"":""SUPPORT"",""typography_typography"":""custom"",""typography_font_size"":{""unit"":""px"",""size"":20,""sizes"":[]},""_margin"":{""unit"":""px"",""top"":""0"",""right"":""0"",""bottom"":""0"",""left"":""0"",""isLinked"":true},""align"":""left""},""elements"":[],""widgetType"":""heading""},{""id"":""e7455be"",""elType"":""widget"",""settings"":{""title"":""Tutorials"",""typography_typography"":""custom"",""typography_font_family"":""Poppins"",""typography_font_size"":{""unit"":""px"",""size"":15,""sizes"":[]},""typography_font_weight"":""400"",""_margin"":{""unit"":""px"",""top"":""0"",""right"":""0"",""bottom"":""0"",""left"":""0"",""isLinked"":true},""link"":{""url"":""\/Tutorials"",""is_external"":"""",""nofollow"":"""",""custom_attributes"":""""},""align"":""left""},""elements"":[],""widgetType"":""heading""},{""id"":""97f7ce2"",""elType"":""widget"",""settings"":{""title"":""Whatsapp"",""typography_typography"":""custom"",""typography_font_family"":""Poppins"",""typography_font_size"":{""unit"":""px"",""size"":15,""sizes"":[]},""typography_font_weight"":""400"",""_margin"":{""unit"":""px"",""top"":""0"",""right"":""0"",""bottom"":""0"",""left"":""0"",""isLinked"":true},""link"":{""url"":""https:\/\/wa.me\/9734706347"",""is_external"":"""",""nofollow"":"""",""custom_attributes"":""""},""align"":""left""},""elements"":[],""widgetType"":""heading""},{""id"":""6719cb2"",""elType"":""widget"",""settings"":{""title"":""Contact US"",""typography_typography"":""custom"",""typography_font_family"":""Poppins"",""typography_font_size"":{""unit"":""px"",""size"":15,""sizes"":[]},""typography_font_weight"":""400"",""_margin"":{""unit"":""px"",""top"":""0"",""right"":""0"",""bottom"":""0"",""left"":""0"",""isLinked"":true},""link"":{""url"":""https:\/\/www.fyphost.com\/contact-us"",""is_external"":"""",""nofollow"":"""",""custom_attributes"":""""},""align"":""left""},""elements"":[],""widgetType"":""heading""},{""id"":""82fa5e8"",""elType"":""widget"",""settings"":{""title"":""Report abuse"",""typography_typography"":""custom"",""typography_font_family"":""Poppins"",""typography_font_size"":{""unit"":""px"",""size"":15,""sizes"":[]},""typography_font_weight"":""400"",""_margin"":{""unit"":""px"",""top"":""0"",""right"":""0"",""bottom"":""0"",""left"":""0"",""isLinked"":true},""link"":{""url"":""https:\/\/www.fyphost.com\/help-form\/"",""is_external"":"""",""nofollow"":"""",""custom_attributes"":""""},""align"":""left""},""elements"":[],""widgetType"":""heading""},{""id"":""b7c1626"",""elType"":""widget"",""settings"":[],""elements"":[],""widgetType"":""html""}],""isInner"":false}],""isInner"":false},{""id"":""2f81a95"",""elType"":""section"",""settings"":{""margin_tablet"":{""unit"":""px"",""top"":""4"",""right"":0,""bottom"":""4"",""left"":0,""isLinked"":true}},""elements"":[{""id"":""b67f457"",""elType"":""column"",""settings"":{""_column_size"":100,""_inline_size"":null},""elements"":[{""id"":""eba29f7"",""elType"":""widget"",""settings"":{""space"":{""unit"":""px"",""size"":30,""sizes"":[]},""space_mobile"":{""unit"":""px"",""size"":20,""sizes"":[]}},""elements"":[],""widgetType"":""spacer""}],""isInner"":false}],""isInner"":false},{""id"":""830917e"",""elType"":""section"",""settings"":{""structure"":""20""},""elements"":[{""id"":""5e05a30"",""elType"":""column"",""settings"":{""_column_size"":50,""_inline_size"":62,""margin"":{""unit"":""px"",""top"":""-10"",""right"":""0"",""bottom"":""0"",""left"":""0"",""isLinked"":false},""margin_tablet"":{""unit"":""px"",""top"":""-20"",""right"":""0"",""bottom"":""0"",""left"":""20"",""isLinked"":false},""margin_mobile"":{""unit"":""px"",""top"":""-10"",""right"":""0"",""bottom"":""0"",""left"":""0"",""isLinked"":false}},""elements"":[{""id"":""aa1b523"",""elType"":""widget"",""settings"":{""image"":{""url"":""https:\/\/www.fyphost.com\/wp-content\/uploads\/2025\/07\/VISA.png"",""id"":12696,""size"":"""",""alt"":"""",""source"":""library""},""_margin"":{""unit"":""px"",""top"":""0"",""right"":""0"",""bottom"":""0"",""left"":""0"",""isLinked"":false},""_element_width"":""initial"",""_margin_tablet"":{""unit"":""px"",""top"":""0"",""right"":""0"",""bottom"":""0"",""left"":""0"",""isLinked"":false},""_margin_mobile"":{""unit"":""px"",""top"":""0"",""right"":""0"",""bottom"":""0"",""left"":""0"",""isLinked"":false},""_padding_tablet"":{""unit"":""px"",""top"":""0"",""right"":""0"",""bottom"":""0"",""left"":""0"",""isLinked"":false},""_element_custom_width"":{""unit"":""%"",""size"":8.02},""_element_custom_width_tablet"":{""unit"":""px"",""size"":63,""sizes"":[]}},""elements"":[],""widgetType"":""image""},{""id"":""5703476"",""elType"":""widget"",""settings"":{""image"":{""url"":""https:\/\/www.fyphost.com\/wp-content\/uploads\/2025\/07\/MC.png"",""id"":12697,""size"":"""",""alt"":"""",""source"":""library""},""_margin"":{""unit"":""px"",""top"":""0"",""right"":""0"",""bottom"":""0"",""left"":""10"",""isLinked"":false},""_element_width"":""auto"",""_margin_tablet"":{""unit"":""px"",""top"":""0"",""right"":""0"",""bottom"":""0"",""left"":""0"",""isLinked"":false}},""elements"":[],""widgetType"":""image""},{""id"":""fc3d988"",""elType"":""widget"",""settings"":{""image"":{""url"":""https:\/\/www.fyphost.com\/wp-content\/uploads\/2025\/07\/DCO.png"",""id"":12698,""size"":"""",""alt"":"""",""source"":""library""},""_margin"":{""unit"":""px"",""top"":""0"",""right"":""0"",""bottom"":""0"",""left"":""0"",""isLinked"":false},""_element_width"":""auto"",""_margin_tablet"":{""unit"":""px"",""top"":""0"",""right"":""0"",""bottom"":""0"",""left"":""0"",""isLinked"":false},""_margin_mobile"":{""unit"":""px"",""top"":""0"",""right"":""0"",""bottom"":""0"",""left"":""0"",""isLinked"":false}},""elements"":[],""widgetType"":""image""},{""id"":""91db7e4"",""elType"":""widget"",""settings"":{""image"":{""url"":""https:\/\/www.fyphost.com\/wp-content\/uploads\/2025\/07\/DC.png"",""id"":12699,""size"":"""",""alt"":"""",""source"":""library""},""_margin"":{""unit"":""px"",""top"":""0"",""right"":""0"",""bottom"":""0"",""left"":""10"",""isLinked"":false},""_element_width"":""auto"",""_margin_mobile"":{""unit"":""px"",""top"":""0"",""right"":""0"",""bottom"":""0"",""left"":""10"",""isLinked"":false}},""elements"":[],""widgetType"":""image""},{""id"":""dc07112"",""elType"":""widget"",""settings"":{""image"":{""url"":""https:\/\/www.fyphost.com\/wp-content\/uploads\/2025\/07\/RUPAY.png"",""id"":12700,""size"":"""",""alt"":"""",""source"":""library""},""_margin"":{""unit"":""px"",""top"":""0"",""right"":""0"",""bottom"":""0"",""left"":""10"",""isLinked"":false},""_element_width"":""auto""},""elements"":[],""widgetType"":""image""},{""id"":""c6b754c"",""elType"":""widget"",""settings"":{""image"":{""url"":""https:\/\/www.fyphost.com\/wp-content\/uploads\/2025\/07\/PAYPAL.webp"",""id"":12704,""size"":"""",""alt"":"""",""source"":""library""},""_margin"":{""unit"":""px"",""top"":""0"",""right"":""0"",""bottom"":""0"",""left"":""010"",""isLinked"":false},""_element_width"":""auto"",""_margin_tablet"":{""unit"":""px"",""top"":""0"",""right"":""0"",""bottom"":""0"",""left"":""0"",""isLinked"":false}},""elements"":[],""widgetType"":""image""},{""id"":""98942ae"",""elType"":""widget"",""settings"":{""image"":{""url"":""https:\/\/www.fyphost.com\/wp-content\/uploads\/2025\/07\/UPI.png"",""id"":12705,""size"":"""",""alt"":"""",""source"":""library""},""_margin"":{""unit"":""px"",""top"":""0"",""right"":""0"",""bottom"":""0"",""left"":""10"",""isLinked"":false},""_element_width"":""auto""},""elements"":[],""widgetType"":""image""},{""id"":""0cd3ca2"",""elType"":""widget"",""settings"":{""image"":{""url"":""https:\/\/www.fyphost.com\/wp-content\/uploads\/2025\/07\/BTC.png"",""id"":12706,""size"":"""",""alt"":"""",""source"":""library""},""_margin"":{""unit"":""px"",""top"":""01"",""right"":""0"",""bottom"":""0"",""left"":""0"",""isLinked"":false},""_element_width"":""auto"",""_margin_tablet"":{""unit"":""px"",""top"":""0"",""right"":""0"",""bottom"":""0"",""left"":""10"",""isLinked"":false},""_margin_mobile"":{""unit"":""px"",""top"":""2.0"",""right"":""0"",""bottom"":""0"",""left"":""0"",""isLinked"":false}},""elements"":[],""widgetType"":""image""}],""isInner"":false},{""id"":""90dfbfd"",""elType"":""column"",""settings"":{""_column_size"":50,""_inline_size"":38,""margin_tablet"":{""unit"":""px"",""top"":""-10"",""right"":""0"",""bottom"":""0"",""left"":""0"",""isLinked"":false}},""elements"":[{""id"":""d5b450c"",""elType"":""widget"",""settings"":{""social_icon_list"":[{""social_icon"":{""value"":""fab fa-youtube"",""library"":""fa-brands""},""_id"":""295d542"",""link"":{""url"":""https:\/\/www.youtube.com\/@fyphost"",""is_external"":""true"",""nofollow"":"""",""custom_attributes"":""""}},{""_id"":""260f88a"",""social_icon"":{""value"":""fab fa-facebook"",""library"":""fa-brands""},""item_icon_color"":""custom"",""item_icon_primary_color"":""#8553F1"",""item_icon_secondary_color"":""#FFFFFF""},{""social_icon"":{""value"":""fab fa-x-twitter"",""library"":""fa-brands""},""_id"":""fc500dd"",""link"":{""url"":""https:\/\/x.com\/@fyphostdotcom"",""is_external"":""true"",""nofollow"":"""",""custom_attributes"":""""}},{""_id"":""5cfedc4"",""social_icon"":{""value"":""fab fa-instagram"",""library"":""fa-brands""},""link"":{""url"":""http:\/\/instagram.com\/@fyphost"",""is_external"":""true"",""nofollow"":"""",""custom_attributes"":""""}},{""_id"":""2abe4cf"",""social_icon"":{""value"":""fab fa-linkedin"",""library"":""fa-brands""},""link"":{""url"":""https:\/\/www.linkedin.com\/company\/fyphost"",""is_external"":""true"",""nofollow"":"""",""custom_attributes"":""""}}],""icon_size"":{""unit"":""px"",""size"":18,""sizes"":[]},""icon_spacing"":{""unit"":""px"",""size"":15,""sizes"":[]},""row_gap"":{""unit"":""px"",""size"":11,""sizes"":[]},""_margin"":{""unit"":""px"",""top"":""0"",""right"":""0"",""bottom"":""0"",""left"":""0"",""isLinked"":false},""_margin_tablet"":{""unit"":""px"",""top"":""0"",""right"":""0"",""bottom"":""0"",""left"":""0"",""isLinked"":false},""_margin_mobile"":{""unit"":""px"",""top"":""0"",""right"":""0"",""bottom"":""0"",""left"":""0"",""isLinked"":false}},""elements"":[],""widgetType"":""social-icons""}],""isInner"":false}],""isInner"":false},{""id"":""f535354"",""elType"":""section"",""settings"":{""margin"":{""unit"":""px"",""top"":""0"",""right"":0,""bottom"":""30"",""left"":0,""isLinked"":false}},""elements"":[{""id"":""3ef63c9"",""elType"":""column"",""settings"":{""_column_size"":100,""_inline_size"":null},""elements"":[{""id"":""e3178a5"",""elType"":""widget"",""settings"":{""title"":""\u00a9 2026, Fyphost Technologies. All rights reserved."",""typography_typography"":""custom"",""typography_font_family"":""Poppins"",""typography_font_size"":{""unit"":""px"",""size"":15,""sizes"":[]},""typography_font_weight"":""400"",""_margin"":{""unit"":""px"",""top"":""0"",""right"":""0"",""bottom"":""20"",""left"":""10"",""isLinked"":false},""align"":""center""},""elements"":[],""widgetType"":""heading""}],""isInner"":false}],""isInner"":false}]",set,"a:6:{s:4:""time"";i:1778776383;s:5:""fonts"";a:1:{i:0;s:7:""Poppins"";}s:5:""icons"";a:1:{i:0;s:9:""fa-brands"";}s:20:""dynamic_elements_ids"";a:0:{}s:6:""status"";s:4:""file"";i:0;s:0:"""";}","a:2:{s:6:""styles"";a:5:{i:0;s:14:""widget-heading"";i:1;s:13:""widget-spacer"";i:2;s:12:""widget-image"";i:3;s:19:""widget-social-icons"";i:4;s:14:""e-apple-webkit"";}s:7:""scripts"";a:1:{i:0;s:18:""elementor-frontend"";}}","{""timeout"":1778862787,""value"":{""content"":""\t\t<section class=\"elementor-section elementor-top-section elementor-element elementor-element-7ffe1ce elementor-section-boxed elementor-section-height-default elementor-section-height-default\" data-id=\"7ffe1ce\" data-element_type=\"section\" data-e-type=\"section\">\n\t\t\t\t\t\t<div class=\"elementor-container elementor-column-gap-default\">\n\t\t\t\t\t<div class=\"elementor-column elementor-col-25 elementor-top-column elementor-element elementor-element-9e9b6e2\" data-id=\"9e9b6e2\" data-element_type=\"column\" data-e-type=\"column\">\n\t\t\t<div class=\"elementor-widget-wrap elementor-element-populated\">\n\t\t\t\t\t\t<div class=\"elementor-element elementor-element-c882787 elementor-widget elementor-widget-heading\" data-id=\"c882787\" data-element_type=\"widget\" data-e-type=\"widget\" data-widget_type=\"heading.default\">\n\t\t\t\t<div class=\"elementor-widget-container\">\n\t\t\t\t\t<h2 class=\"elementor-heading-title elementor-size-default\">HOSTING<\/h2>\t\t\t\t<\/div>\n\t\t\t\t<\/div>\n\t\t\t\t<div class=\"elementor-element elementor-element-b0da96b elementor-widget elementor-widget-heading\" data-id=\"b0da96b\" data-element_type=\"widget\" data-e-type=\"widget\" data-widget_type=\"heading.default\">\n\t\t\t\t<div class=\"elementor-widget-container\">\n\t\t\t\t\t<h2 class=\"elementor-heading-title elementor-size-default\"><a href=\"\/\">Web hosting<\/a><\/h2>\t\t\t\t<\/div>\n\t\t\t\t<\/div>\n\t\t\t\t<div class=\"elementor-element elementor-element-0189e4d elementor-widget elementor-widget-heading\" data-id=\"0189e4d\" data-element_type=\"widget\" data-e-type=\"widget\" data-widget_type=\"heading.default\">\n\t\t\t\t<div class=\"elementor-widget-container\">\n\t\t\t\t\t<h2 class=\"elementor-heading-title elementor-size-default\"><a href=\"https:\/\/www.fyphost.com\/wordpress-hosting\/\">Hosting for WordPress<\/a><\/h2>\t\t\t\t<\/div>\n\t\t\t\t<\/div>\n\t\t\t\t<div class=\"elementor-element elementor-element-0c68c81 elementor-widget elementor-widget-heading\" data-id=\"0c68c81\" data-element_type=\"widget\" data-e-type=\"widget\" data-widget_type=\"heading.default\">\n\t\t\t\t<div class=\"elementor-widget-container\">\n\t\t\t\t\t<h2 class=\"elementor-heading-title elementor-size-default\"><a href=\"https:\/\/www.fyphost.com\/linux-vps\/\">Linux VPS hosting<\/a><\/h2>\t\t\t\t<\/div>\n\t\t\t\t<\/div>\n\t\t\t\t<div class=\"elementor-element elementor-element-642a927 elementor-widget elementor-widget-heading\" data-id=\"642a927\" data-element_type=\"widget\" data-e-type=\"widget\" data-widget_type=\"heading.default\">\n\t\t\t\t<div class=\"elementor-widget-container\">\n\t\t\t\t\t<h2 class=\"elementor-heading-title elementor-size-default\"><a href=\"https:\/\/www.fyphost.com\/windows-vps\/\">Windows VPS hosting<\/a><\/h2>\t\t\t\t<\/div>\n\t\t\t\t<\/div>\n\t\t\t\t<div class=\"elementor-element elementor-element-16e3cec elementor-widget elementor-widget-heading\" data-id=\"16e3cec\" data-element_type=\"widget\" data-e-type=\"widget\" data-widget_type=\"heading.default\">\n\t\t\t\t<div class=\"elementor-widget-container\">\n\t\t\t\t\t<h2 class=\"elementor-heading-title elementor-size-default\"><a href=\"\/#\">Business email<\/a><\/h2>\t\t\t\t<\/div>\n\t\t\t\t<\/div>\n\t\t\t\t<div class=\"elementor-element elementor-element-a1985e5 elementor-widget elementor-widget-heading\" data-id=\"a1985e5\" data-element_type=\"widget\" data-e-type=\"widget\" data-widget_type=\"heading.default\">\n\t\t\t\t<div class=\"elementor-widget-container\">\n\t\t\t\t\t<h2 class=\"elementor-heading-title elementor-size-default\"><a href=\"https:\/\/www.fyphost.com\/cloud-hosting\/\">Cloud hosting<\/a><\/h2>\t\t\t\t<\/div>\n\t\t\t\t<\/div>\n\t\t\t\t<div class=\"elementor-element elementor-element-86b7f44 elementor-widget elementor-widget-heading\" data-id=\"86b7f44\" data-element_type=\"widget\" data-e-type=\"widget\" data-widget_type=\"heading.default\">\n\t\t\t\t<div class=\"elementor-widget-container\">\n\t\t\t\t\t<h2 class=\"elementor-heading-title elementor-size-default\"><a href=\"https:\/\/www.fyphost.com\/Woocomrece-Hosting\">Hosting for WooCommerce<\/a><\/h2>\t\t\t\t<\/div>\n\t\t\t\t<\/div>\n\t\t\t\t<div class=\"elementor-element elementor-element-7913a5f elementor-widget elementor-widget-heading\" data-id=\"7913a5f\" data-element_type=\"widget\" data-e-type=\"widget\" data-widget_type=\"heading.default\">\n\t\t\t\t<div class=\"elementor-widget-container\">\n\t\t\t\t\t<h2 class=\"elementor-heading-title elementor-size-default\"><a href=\"\/n8n\">n8n cloud<\/a><\/h2>\t\t\t\t<\/div>\n\t\t\t\t<\/div>\n\t\t\t\t\t<\/div>\n\t\t<\/div>\n\t\t\t\t<div class=\"elementor-column elementor-col-25 elementor-top-column elementor-element elementor-element-442e6d4\" data-id=\"442e6d4\" data-element_type=\"column\" data-e-type=\"column\">\n\t\t\t<div class=\"elementor-widget-wrap elementor-element-populated\">\n\t\t\t\t\t\t<div class=\"elementor-element elementor-element-c2af52a elementor-widget elementor-widget-heading\" data-id=\"c2af52a\" data-element_type=\"widget\" data-e-type=\"widget\" data-widget_type=\"heading.default\">\n\t\t\t\t<div class=\"elementor-widget-container\">\n\t\t\t\t\t<h2 class=\"elementor-heading-title elementor-size-default\">DOMAIN<\/h2>\t\t\t\t<\/div>\n\t\t\t\t<\/div>\n\t\t\t\t<div class=\"elementor-element elementor-element-586c011 elementor-widget elementor-widget-heading\" data-id=\"586c011\" data-element_type=\"widget\" data-e-type=\"widget\" data-widget_type=\"heading.default\">\n\t\t\t\t<div class=\"elementor-widget-container\">\n\t\t\t\t\t<h2 class=\"elementor-heading-title elementor-size-default\"><a href=\"https:\/\/www.fyphost.com\/domains\/\">Domain name search<\/a><\/h2>\t\t\t\t<\/div>\n\t\t\t\t<\/div>\n\t\t\t\t<div class=\"elementor-element elementor-element-a770cbd elementor-widget elementor-widget-heading\" data-id=\"a770cbd\" data-element_type=\"widget\" data-e-type=\"widget\" data-widget_type=\"heading.default\">\n\t\t\t\t<div class=\"elementor-widget-container\">\n\t\t\t\t\t<h2 class=\"elementor-heading-title elementor-size-default\"><a href=\"\/domain-offers\">Cheap Domain names<\/a><\/h2>\t\t\t\t<\/div>\n\t\t\t\t<\/div>\n\t\t\t\t<div class=\"elementor-element elementor-element-8c62617 elementor-widget elementor-widget-heading\" data-id=\"8c62617\" data-element_type=\"widget\" data-e-type=\"widget\" data-widget_type=\"heading.default\">\n\t\t\t\t<div class=\"elementor-widget-container\">\n\t\t\t\t\t<h2 class=\"elementor-heading-title elementor-size-default\"><a href=\"https:\/\/www.fyphost.com\/domains\/\">Domain Tansfer<\/a><\/h2>\t\t\t\t<\/div>\n\t\t\t\t<\/div>\n\t\t\t\t<div class=\"elementor-element elementor-element-5d6484f elementor-widget elementor-widget-heading\" data-id=\"5d6484f\" data-element_type=\"widget\" data-e-type=\"widget\" data-widget_type=\"heading.default\">\n\t\t\t\t<div class=\"elementor-widget-container\">\n\t\t\t\t\t<h2 class=\"elementor-heading-title elementor-size-default\">Top tlds<\/h2>\t\t\t\t<\/div>\n\t\t\t\t<\/div>\n\t\t\t\t\t<\/div>\n\t\t<\/div>\n\t\t\t\t<div class=\"elementor-column elementor-col-25 elementor-top-column elementor-element elementor-element-938bd3e\" data-id=\"938bd3e\" data-element_type=\"column\" data-e-type=\"column\">\n\t\t\t<div class=\"elementor-widget-wrap elementor-element-populated\">\n\t\t\t\t\t\t<div class=\"elementor-element elementor-element-411fa39 elementor-widget elementor-widget-heading\" data-id=\"411fa39\" data-element_type=\"widget\" data-e-type=\"widget\" data-widget_type=\"heading.default\">\n\t\t\t\t<div class=\"elementor-widget-container\">\n\t\t\t\t\t<h2 class=\"elementor-heading-title elementor-size-default\">COMPANY<\/h2>\t\t\t\t<\/div>\n\t\t\t\t<\/div>\n\t\t\t\t<div class=\"elementor-element elementor-element-89b41ce elementor-widget elementor-widget-heading\" data-id=\"89b41ce\" data-element_type=\"widget\" data-e-type=\"widget\" data-widget_type=\"heading.default\">\n\t\t\t\t<div class=\"elementor-widget-container\">\n\t\t\t\t\t<h2 class=\"elementor-heading-title elementor-size-default\"><a href=\"https:\/\/www.fyphost.com\/about-us\/\">About Fyphost<\/a><\/h2>\t\t\t\t<\/div>\n\t\t\t\t<\/div>\n\t\t\t\t<div class=\"elementor-element elementor-element-a937e9a elementor-widget elementor-widget-heading\" data-id=\"a937e9a\" data-element_type=\"widget\" data-e-type=\"widget\" data-widget_type=\"heading.default\">\n\t\t\t\t<div class=\"elementor-widget-container\">\n\t\t\t\t\t<h2 class=\"elementor-heading-title elementor-size-default\"><a href=\"\/Privacy-Policy\">Privacy Policy<\/a><\/h2>\t\t\t\t<\/div>\n\t\t\t\t<\/div>\n\t\t\t\t<div class=\"elementor-element elementor-element-b1ae3e3 elementor-widget elementor-widget-heading\" data-id=\"b1ae3e3\" data-element_type=\"widget\" data-e-type=\"widget\" data-widget_type=\"heading.default\">\n\t\t\t\t<div class=\"elementor-widget-container\">\n\t\t\t\t\t<h2 class=\"elementor-heading-title elementor-size-default\"><a href=\"https:\/\/www.fyphost.com\/terms-conditions\">Terms and conditions<\/a><\/h2>\t\t\t\t<\/div>\n\t\t\t\t<\/div>\n\t\t\t\t<div class=\"elementor-element elementor-element-0f23a9c elementor-widget elementor-widget-heading\" data-id=\"0f23a9c\" data-element_type=\"widget\" data-e-type=\"widget\" data-widget_type=\"heading.default\">\n\t\t\t\t<div class=\"elementor-widget-container\">\n\t\t\t\t\t<h2 class=\"elementor-heading-title elementor-size-default\"><a href=\"https:\/\/www.fyphost.com\/refund-policy\/\">Refund Policy<\/a><\/h2>\t\t\t\t<\/div>\n\t\t\t\t<\/div>\n\t\t\t\t\t<\/div>\n\t\t<\/div>\n\t\t\t\t<div class=\"elementor-column elementor-col-25 elementor-top-column elementor-element elementor-element-bcd0d14\" data-id=\"bcd0d14\" data-element_type=\"column\" data-e-type=\"column\">\n\t\t\t<div class=\"elementor-widget-wrap elementor-element-populated\">\n\t\t\t\t\t\t<div class=\"elementor-element elementor-element-80b927f elementor-widget elementor-widget-heading\" data-id=\"80b927f\" data-element_type=\"widget\" data-e-type=\"widget\" data-widget_type=\"heading.default\">\n\t\t\t\t<div class=\"elementor-widget-container\">\n\t\t\t\t\t<h2 class=\"elementor-heading-title elementor-size-default\">SUPPORT<\/h2>\t\t\t\t<\/div>\n\t\t\t\t<\/div>\n\t\t\t\t<div class=\"elementor-element elementor-element-e7455be elementor-widget elementor-widget-heading\" data-id=\"e7455be\" data-element_type=\"widget\" data-e-type=\"widget\" data-widget_type=\"heading.default\">\n\t\t\t\t<div class=\"elementor-widget-container\">\n\t\t\t\t\t<h2 class=\"elementor-heading-title elementor-size-default\"><a href=\"\/Tutorials\">Tutorials<\/a><\/h2>\t\t\t\t<\/div>\n\t\t\t\t<\/div>\n\t\t\t\t<div class=\"elementor-element elementor-element-97f7ce2 elementor-widget elementor-widget-heading\" data-id=\"97f7ce2\" data-element_type=\"widget\" data-e-type=\"widget\" data-widget_type=\"heading.default\">\n\t\t\t\t<div class=\"elementor-widget-container\">\n\t\t\t\t\t<h2 class=\"elementor-heading-title elementor-size-default\"><a href=\"https:\/\/wa.me\/9734706347\">Whatsapp<\/a><\/h2>\t\t\t\t<\/div>\n\t\t\t\t<\/div>\n\t\t\t\t<div class=\"elementor-element elementor-element-6719cb2 elementor-widget elementor-widget-heading\" data-id=\"6719cb2\" data-element_type=\"widget\" data-e-type=\"widget\" data-widget_type=\"heading.default\">\n\t\t\t\t<div class=\"elementor-widget-container\">\n\t\t\t\t\t<h2 class=\"elementor-heading-title elementor-size-default\"><a href=\"https:\/\/www.fyphost.com\/contact-us\">Contact US<\/a><\/h2>\t\t\t\t<\/div>\n\t\t\t\t<\/div>\n\t\t\t\t<div class=\"elementor-element elementor-element-82fa5e8 elementor-widget elementor-widget-heading\" data-id=\"82fa5e8\" data-element_type=\"widget\" data-e-type=\"widget\" data-widget_type=\"heading.default\">\n\t\t\t\t<div class=\"elementor-widget-container\">\n\t\t\t\t\t<h2 class=\"elementor-heading-title elementor-size-default\"><a href=\"https:\/\/www.fyphost.com\/help-form\/\">Report abuse<\/a><\/h2>\t\t\t\t<\/div>\n\t\t\t\t<\/div>\n\t\t\t\t\t<\/div>\n\t\t<\/div>\n\t\t\t\t\t<\/div>\n\t\t<\/section>\n\t\t\t\t<section class=\"elementor-section elementor-top-section elementor-element elementor-element-2f81a95 elementor-section-boxed elementor-section-height-default elementor-section-height-default\" data-id=\"2f81a95\" data-element_type=\"section\" data-e-type=\"section\">\n\t\t\t\t\t\t<div class=\"elementor-container elementor-column-gap-default\">\n\t\t\t\t\t<div class=\"elementor-column elementor-col-100 elementor-top-column elementor-element elementor-element-b67f457\" data-id=\"b67f457\" data-element_type=\"column\" data-e-type=\"column\">\n\t\t\t<div class=\"elementor-widget-wrap elementor-element-populated\">\n\t\t\t\t\t\t<div class=\"elementor-element elementor-element-eba29f7 elementor-widget elementor-widget-spacer\" data-id=\"eba29f7\" data-element_type=\"widget\" data-e-type=\"widget\" data-widget_type=\"spacer.default\">\n\t\t\t\t<div class=\"elementor-widget-container\">\n\t\t\t\t\t\t\t<div class=\"elementor-spacer\">\n\t\t\t<div class=\"elementor-spacer-inner\"><\/div>\n\t\t<\/div>\n\t\t\t\t\t\t<\/div>\n\t\t\t\t<\/div>\n\t\t\t\t\t<\/div>\n\t\t<\/div>\n\t\t\t\t\t<\/div>\n\t\t<\/section>\n\t\t\t\t<section class=\"elementor-section elementor-top-section elementor-element elementor-element-830917e elementor-section-boxed elementor-section-height-default elementor-section-height-default\" data-id=\"830917e\" data-element_type=\"section\" data-e-type=\"section\">\n\t\t\t\t\t\t<div class=\"elementor-container elementor-column-gap-default\">\n\t\t\t\t\t<div class=\"elementor-column elementor-col-50 elementor-top-column elementor-element elementor-element-5e05a30\" data-id=\"5e05a30\" data-element_type=\"column\" data-e-type=\"column\">\n\t\t\t<div class=\"elementor-widget-wrap elementor-element-populated\">\n\t\t\t\t\t\t<div class=\"elementor-element elementor-element-aa1b523 elementor-widget__width-initial elementor-widget elementor-widget-image\" data-id=\"aa1b523\" data-element_type=\"widget\" data-e-type=\"widget\" data-widget_type=\"image.default\">\n\t\t\t\t<div class=\"elementor-widget-container\">\n\t\t\t\t\t\t\t\t\t\t\t\t\t\t\t<img width=\"70\" height=\"45\" src=\"https:\/\/www.fyphost.com\/wp-content\/uploads\/2025\/07\/VISA.png\" class=\"attachment-large size-large wp-image-12696\" alt=\"\" \/>\t\t\t\t\t\t\t\t\t\t\t\t\t\t\t<\/div>\n\t\t\t\t<\/div>\n\t\t\t\t<div class=\"elementor-element elementor-element-5703476 elementor-widget__width-auto elementor-widget elementor-widget-image\" data-id=\"5703476\" data-element_type=\"widget\" data-e-type=\"widget\" data-widget_type=\"image.default\">\n\t\t\t\t<div class=\"elementor-widget-container\">\n\t\t\t\t\t\t\t\t\t\t\t\t\t\t\t<img width=\"70\" height=\"45\" src=\"https:\/\/www.fyphost.com\/wp-content\/uploads\/2025\/07\/MC.png\" class=\"attachment-large size-large wp-image-12697\" alt=\"\" \/>\t\t\t\t\t\t\t\t\t\t\t\t\t\t\t<\/div>\n\t\t\t\t<\/div>\n\t\t\t\t<div class=\"elementor-element elementor-element-fc3d988 elementor-widget__width-auto elementor-widget elementor-widget-image\" data-id=\"fc3d988\" data-element_type=\"widget\" data-e-type=\"widget\" data-widget_type=\"image.default\">\n\t\t\t\t<div class=\"elementor-widget-container\">\n\t\t\t\t\t\t\t\t\t\t\t\t\t\t\t<img width=\"78\" height=\"45\" src=\"https:\/\/www.fyphost.com\/wp-content\/uploads\/2025\/07\/DCO.png\" class=\"attachment-large size-large wp-image-12698\" alt=\"\" \/>\t\t\t\t\t\t\t\t\t\t\t\t\t\t\t<\/div>\n\t\t\t\t<\/div>\n\t\t\t\t<div class=\"elementor-element elementor-element-91db7e4 elementor-widget__width-auto elementor-widget elementor-widget-image\" data-id=\"91db7e4\" data-element_type=\"widget\" data-e-type=\"widget\" data-widget_type=\"image.default\">\n\t\t\t\t<div class=\"elementor-widget-container\">\n\t\t\t\t\t\t\t\t\t\t\t\t\t\t\t<img width=\"70\" height=\"45\" src=\"https:\/\/www.fyphost.com\/wp-content\/uploads\/2025\/07\/DC.png\" class=\"attachment-large size-large wp-image-12699\" alt=\"\" \/>\t\t\t\t\t\t\t\t\t\t\t\t\t\t\t<\/div>\n\t\t\t\t<\/div>\n\t\t\t\t<div class=\"elementor-element elementor-element-dc07112 elementor-widget__width-auto elementor-widget elementor-widget-image\" data-id=\"dc07112\" data-element_type=\"widget\" data-e-type=\"widget\" data-widget_type=\"image.default\">\n\t\t\t\t<div class=\"elementor-widget-container\">\n\t\t\t\t\t\t\t\t\t\t\t\t\t\t\t<img width=\"70\" height=\"45\" src=\"https:\/\/www.fyphost.com\/wp-content\/uploads\/2025\/07\/RUPAY.png\" class=\"attachment-large size-large wp-image-12700\" alt=\"\" \/>\t\t\t\t\t\t\t\t\t\t\t\t\t\t\t<\/div>\n\t\t\t\t<\/div>\n\t\t\t\t<div class=\"elementor-element elementor-element-c6b754c elementor-widget__width-auto elementor-widget elementor-widget-image\" data-id=\"c6b754c\" data-element_type=\"widget\" data-e-type=\"widget\" data-widget_type=\"image.default\">\n\t\t\t\t<div class=\"elementor-widget-container\">\n\t\t\t\t\t\t\t\t\t\t\t\t\t\t\t<img width=\"70\" height=\"50\" src=\"https:\/\/www.fyphost.com\/wp-content\/uploads\/2025\/07\/PAYPAL.webp\" class=\"attachment-large size-large wp-image-12704\" alt=\"\" \/>\t\t\t\t\t\t\t\t\t\t\t\t\t\t\t<\/div>\n\t\t\t\t<\/div>\n\t\t\t\t<div class=\"elementor-element elementor-element-98942ae elementor-widget__width-auto elementor-widget elementor-widget-image\" data-id=\"98942ae\" data-element_type=\"widget\" data-e-type=\"widget\" data-widget_type=\"image.default\">\n\t\t\t\t<div class=\"elementor-widget-container\">\n\t\t\t\t\t\t\t\t\t\t\t\t\t\t\t<img width=\"70\" height=\"45\" src=\"https:\/\/www.fyphost.com\/wp-content\/uploads\/2025\/07\/UPI.png\" class=\"attachment-large size-large wp-image-12705\" alt=\"\" \/>\t\t\t\t\t\t\t\t\t\t\t\t\t\t\t<\/div>\n\t\t\t\t<\/div>\n\t\t\t\t<div class=\"elementor-element elementor-element-0cd3ca2 elementor-widget__width-auto elementor-widget elementor-widget-image\" data-id=\"0cd3ca2\" data-element_type=\"widget\" data-e-type=\"widget\" data-widget_type=\"image.default\">\n\t\t\t\t<div class=\"elementor-widget-container\">\n\t\t\t\t\t\t\t\t\t\t\t\t\t\t\t<img width=\"70\" height=\"45\" src=\"https:\/\/www.fyphost.com\/wp-content\/uploads\/2025\/07\/BTC.png\" class=\"attachment-large size-large wp-image-12706\" alt=\"\" \/>\t\t\t\t\t\t\t\t\t\t\t\t\t\t\t<\/div>\n\t\t\t\t<\/div>\n\t\t\t\t\t<\/div>\n\t\t<\/div>\n\t\t\t\t<div class=\"elementor-column elementor-col-50 elementor-top-column elementor-element elementor-element-90dfbfd\" data-id=\"90dfbfd\" data-element_type=\"column\" data-e-type=\"column\">\n\t\t\t<div class=\"elementor-widget-wrap elementor-element-populated\">\n\t\t\t\t\t\t<div class=\"elementor-element elementor-element-d5b450c elementor-shape-rounded elementor-grid-0 e-grid-align-center elementor-widget elementor-widget-social-icons\" data-id=\"d5b450c\" data-element_type=\"widget\" data-e-type=\"widget\" data-widget_type=\"social-icons.default\">\n\t\t\t\t<div class=\"elementor-widget-container\">\n\t\t\t\t\t\t\t<div class=\"elementor-social-icons-wrapper elementor-grid\" role=\"list\">\n\t\t\t\t\t\t\t<span class=\"elementor-grid-item\" role=\"listitem\">\n\t\t\t\t\t<a class=\"elementor-icon elementor-social-icon elementor-social-icon-youtube elementor-repeater-item-295d542\" href=\"https:\/\/www.youtube.com\/@fyphost\" target=\"_blank\">\n\t\t\t\t\t\t<span class=\"elementor-screen-only\">Youtube<\/span>\n\t\t\t\t\t\t<svg aria-hidden=\"true\" class=\"e-font-icon-svg e-fab-youtube\" viewBox=\"0 0 576 512\" xmlns=\"http:\/\/www.w3.org\/2000\/svg\"><path d=\"M549.655 124.083c-6.281-23.65-24.787-42.276-48.284-48.597C458.781 64 288 64 288 64S117.22 64 74.629 75.486c-23.497 6.322-42.003 24.947-48.284 48.597-11.412 42.867-11.412 132.305-11.412 132.305s0 89.438 11.412 132.305c6.281 23.65 24.787 41.5 48.284 47.821C117.22 448 288 448 288 448s170.78 0 213.371-11.486c23.497-6.321 42.003-24.171 48.284-47.821 11.412-42.867 11.412-132.305 11.412-132.305s0-89.438-11.412-132.305zm-317.51 213.508V175.185l142.739 81.205-142.739 81.201z\"><\/path><\/svg>\t\t\t\t\t<\/a>\n\t\t\t\t<\/span>\n\t\t\t\t\t\t\t<span class=\"elementor-grid-item\" role=\"listitem\">\n\t\t\t\t\t<a class=\"elementor-icon elementor-social-icon elementor-social-icon-facebook elementor-repeater-item-260f88a\" target=\"_blank\">\n\t\t\t\t\t\t<span class=\"elementor-screen-only\">Facebook<\/span>\n\t\t\t\t\t\t<svg aria-hidden=\"true\" class=\"e-font-icon-svg e-fab-facebook\" viewBox=\"0 0 512 512\" xmlns=\"http:\/\/www.w3.org\/2000\/svg\"><path d=\"M504 256C504 119 393 8 256 8S8 119 8 256c0 123.78 90.69 226.38 209.25 245V327.69h-63V256h63v-54.64c0-62.15 37-96.48 93.67-96.48 27.14 0 55.52 4.84 55.52 4.84v61h-31.28c-30.8 0-40.41 19.12-40.41 38.73V256h68.78l-11 71.69h-57.78V501C413.31 482.38 504 379.78 504 256z\"><\/path><\/svg>\t\t\t\t\t<\/a>\n\t\t\t\t<\/span>\n\t\t\t\t\t\t\t<span class=\"elementor-grid-item\" role=\"listitem\">\n\t\t\t\t\t<a class=\"elementor-icon elementor-social-icon elementor-social-icon-x-twitter elementor-repeater-item-fc500dd\" href=\"https:\/\/x.com\/@fyphostdotcom\" target=\"_blank\">\n\t\t\t\t\t\t<span class=\"elementor-screen-only\">X-twitter<\/span>\n\t\t\t\t\t\t<svg aria-hidden=\"true\" class=\"e-font-icon-svg e-fab-x-twitter\" viewBox=\"0 0 512 512\" xmlns=\"http:\/\/www.w3.org\/2000\/svg\"><path d=\"M389.2 48h70.6L305.6 224.2 487 464H345L233.7 318.6 106.5 464H35.8L200.7 275.5 26.8 48H172.4L272.9 180.9 389.2 48zM364.4 421.8h39.1L151.1 88h-42L364.4 421.8z\"><\/path><\/svg>\t\t\t\t\t<\/a>\n\t\t\t\t<\/span>\n\t\t\t\t\t\t\t<span class=\"elementor-grid-item\" role=\"listitem\">\n\t\t\t\t\t<a class=\"elementor-icon elementor-social-icon elementor-social-icon-instagram elementor-repeater-item-5cfedc4\" href=\"http:\/\/instagram.com\/@fyphost\" target=\"_blank\">\n\t\t\t\t\t\t<span class=\"elementor-screen-only\">Instagram<\/span>\n\t\t\t\t\t\t<svg aria-hidden=\"true\" class=\"e-font-icon-svg e-fab-instagram\" viewBox=\"0 0 448 512\" xmlns=\"http:\/\/www.w3.org\/2000\/svg\"><path d=\"M224.1 141c-63.6 0-114.9 51.3-114.9 114.9s51.3 114.9 114.9 114.9S339 319.5 339 255.9 287.7 141 224.1 141zm0 189.6c-41.1 0-74.7-33.5-74.7-74.7s33.5-74.7 74.7-74.7 74.7 33.5 74.7 74.7-33.6 74.7-74.7 74.7zm146.4-194.3c0 14.9-12 26.8-26.8 26.8-14.9 0-26.8-12-26.8-26.8s12-26.8 26.8-26.8 26.8 12 26.8 26.8zm76.1 27.2c-1.7-35.9-9.9-67.7-36.2-93.9-26.2-26.2-58-34.4-93.9-36.2-37-2.1-147.9-2.1-184.9 0-35.8 1.7-67.6 9.9-93.9 36.1s-34.4 58-36.2 93.9c-2.1 37-2.1 147.9 0 184.9 1.7 35.9 9.9 67.7 36.2 93.9s58 34.4 93.9 36.2c37 2.1 147.9 2.1 184.9 0 35.9-1.7 67.7-9.9 93.9-36.2 26.2-26.2 34.4-58 36.2-93.9 2.1-37 2.1-147.8 0-184.8zM398.8 388c-7.8 19.6-22.9 34.7-42.6 42.6-29.5 11.7-99.5 9-132.1 9s-102.7 2.6-132.1-9c-19.6-7.8-34.7-22.9-42.6-42.6-11.7-29.5-9-99.5-9-132.1s-2.6-102.7 9-132.1c7.8-19.6 22.9-34.7 42.6-42.6 29.5-11.7 99.5-9 132.1-9s102.7-2.6 132.1 9c19.6 7.8 34.7 22.9 42.6 42.6 11.7 29.5 9 99.5 9 132.1s2.7 102.7-9 132.1z\"><\/path><\/svg>\t\t\t\t\t<\/a>\n\t\t\t\t<\/span>\n\t\t\t\t\t\t\t<span class=\"elementor-grid-item\" role=\"listitem\">\n\t\t\t\t\t<a class=\"elementor-icon elementor-social-icon elementor-social-icon-linkedin elementor-repeater-item-2abe4cf\" href=\"https:\/\/www.linkedin.com\/company\/fyphost\" target=\"_blank\">\n\t\t\t\t\t\t<span class=\"elementor-screen-only\">Linkedin<\/span>\n\t\t\t\t\t\t<svg aria-hidden=\"true\" class=\"e-font-icon-svg e-fab-linkedin\" viewBox=\"0 0 448 512\" xmlns=\"http:\/\/www.w3.org\/2000\/svg\"><path d=\"M416 32H31.9C14.3 32 0 46.5 0 64.3v383.4C0 465.5 14.3 480 31.9 480H416c17.6 0 32-14.5 32-32.3V64.3c0-17.8-14.4-32.3-32-32.3zM135.4 416H69V202.2h66.5V416zm-33.2-243c-21.3 0-38.5-17.3-38.5-38.5S80.9 96 102.2 96c21.2 0 38.5 17.3 38.5 38.5 0 21.3-17.2 38.5-38.5 38.5zm282.1 243h-66.4V312c0-24.8-.5-56.7-34.5-56.7-34.6 0-39.9 27-39.9 54.9V416h-66.4V202.2h63.7v29.2h.9c8.9-16.8 30.6-34.5 62.9-34.5 67.2 0 79.7 44.3 79.7 101.9V416z\"><\/path><\/svg>\t\t\t\t\t<\/a>\n\t\t\t\t<\/span>\n\t\t\t\t\t<\/div>\n\t\t\t\t\t\t<\/div>\n\t\t\t\t<\/div>\n\t\t\t\t\t<\/div>\n\t\t<\/div>\n\t\t\t\t\t<\/div>\n\t\t<\/section>\n\t\t\t\t<section class=\"elementor-section elementor-top-section elementor-element elementor-element-f535354 elementor-section-boxed elementor-section-height-default elementor-section-height-default\" data-id=\"f535354\" data-element_type=\"section\" data-e-type=\"section\">\n\t\t\t\t\t\t<div class=\"elementor-container elementor-column-gap-default\">\n\t\t\t\t\t<div class=\"elementor-column elementor-col-100 elementor-top-column elementor-element elementor-element-3ef63c9\" data-id=\"3ef63c9\" data-element_type=\"column\" data-e-type=\"column\">\n\t\t\t<div class=\"elementor-widget-wrap elementor-element-populated\">\n\t\t\t\t\t\t<div class=\"elementor-element elementor-element-e3178a5 elementor-widget elementor-widget-heading\" data-id=\"e3178a5\" data-element_type=\"widget\" data-e-type=\"widget\" data-widget_type=\"heading.default\">\n\t\t\t\t<div class=\"elementor-widget-container\">\n\t\t\t\t\t<h2 class=\"elementor-heading-title elementor-size-default\">\u00a9 2026, Fyphost Technologies. All rights reserved.<\/h2>\t\t\t\t<\/div>\n\t\t\t\t<\/div>\n\t\t\t\t\t<\/div>\n\t\t<\/div>\n\t\t\t\t\t<\/div>\n\t\t<\/section>\n\t\t"",""scripts"":[],""styles"":[]}}"
