ID,post_author,post_date,post_date_gmt,post_content,post_title,post_excerpt,post_status,comment_status,ping_status,post_password,post_name,to_ping,pinged,post_modified,post_modified_gmt,post_content_filtered,post_parent,guid,menu_order,post_type,post_mime_type,comment_count,filter,meta:_edit_lock,meta:_siteseo_analysis_target_kw,meta:_edit_last,meta:_aioseo_title,meta:_aioseo_description,meta:_aioseo_keywords,meta:_aioseo_og_title,meta:_aioseo_og_description,meta:_aioseo_og_article_section,meta:_aioseo_og_article_tags,meta:_aioseo_twitter_title,meta:_aioseo_twitter_description,meta:_siteseo_redirections_type,meta:_siteseo_redirections_logged_status,meta:_siteseo_readibility_data,meta:_siteseo_analysis_data,meta:_elementor_edit_mode,meta:_elementor_template_type,meta:_elementor_version,meta:_elementor_pro_version,meta:_astra_content_layout_flag,meta:site-post-title,meta:ast-title-bar-display,meta:ast-featured-img,meta:ast-site-content-layout,meta:site-sidebar-layout,meta:_wp_page_template,meta:_elementor_data,meta:_yoast_indexnow_last_ping,meta:_yoast_wpseo_content_score,meta:_yoast_wpseo_focuskeywords,meta:_yoast_wpseo_keywordsynonyms,meta:_yoast_wpseo_estimated-reading-time-minutes,meta:_yoast_post_redirect_info,meta:_elementor_page_assets,meta:_elementor_css,meta:_elementor_element_cache
18990,1,"2025-12-21 13:47:57","2025-12-21 13:47:57","<h2>Fast n8n Hosting -  Up to 81% Off  .</h2>				
					<h2>up to 81% off pre-installed n8n hosting</h2>				
					<h2>From ₹</h2>				
					<h2>299.00</h2>				
					<h3>/mo</h3>				
							<ul>
							<li>
							<svg aria-hidden=""true"" viewBox=""0 0 512 512"" xmlns=""http://www.w3.org/2000/svg""><path d=""M173.898 439.404l-166.4-166.4c-9.997-9.997-9.997-26.206 0-36.204l36.203-36.204c9.997-9.998 26.207-9.998 36.204 0L192 312.69 432.095 72.596c9.997-9.997 26.207-9.997 36.204 0l36.203 36.204c9.997 9.997 9.997 26.206 0 36.204l-294.4 294.401c-9.998 9.997-26.207 9.997-36.204-.001z""></path></svg>						
										One-click n8n installation
									</li>
								<li>
							<svg aria-hidden=""true"" viewBox=""0 0 512 512"" xmlns=""http://www.w3.org/2000/svg""><path d=""M173.898 439.404l-166.4-166.4c-9.997-9.997-9.997-26.206 0-36.204l36.203-36.204c9.997-9.998 26.207-9.998 36.204 0L192 312.69 432.095 72.596c9.997-9.997 26.207-9.997 36.204 0l36.203 36.204c9.997 9.997 9.997 26.206 0 36.204l-294.4 294.401c-9.998 9.997-26.207 9.997-36.204-.001z""></path></svg>						
										NVMe SSD storage
									</li>
								<li>
							<svg aria-hidden=""true"" viewBox=""0 0 512 512"" xmlns=""http://www.w3.org/2000/svg""><path d=""M173.898 439.404l-166.4-166.4c-9.997-9.997-9.997-26.206 0-36.204l36.203-36.204c9.997-9.998 26.207-9.998 36.204 0L192 312.69 432.095 72.596c9.997-9.997 26.207-9.997 36.204 0l36.203 36.204c9.997 9.997 9.997 26.206 0 36.204l-294.4 294.401c-9.998 9.997-26.207 9.997-36.204-.001z""></path></svg>						
										24/7 customer support
									</li>
						</ul>
					<a href=""#deal"">
									Claim plan
					</a>
					<h2>30-day money-back guarantee</h2>				
															<img width=""768"" height=""455"" src=""https://www.fyphost.com/wp-content/uploads/2025/12/n8n-bg-768x455.png"" alt="""" srcset=""https://www.fyphost.com/wp-content/uploads/2025/12/n8n-bg-768x455.png 768w, https://www.fyphost.com/wp-content/uploads/2025/12/n8n-bg-300x178.png 300w, https://www.fyphost.com/wp-content/uploads/2025/12/n8n-bg-1024x606.png 1024w, https://www.fyphost.com/wp-content/uploads/2025/12/n8n-bg.png 1115w"" sizes=""(max-width: 768px) 100vw, 768px"" />															
					<h2>VPS pricing options for every budget</h2>				
					<h4>Get started in complete confidence. Our 30-day money-back guarantee means it's risk-free.
</h4>				
		[elementor-template id=""3788""]		
    <a href=""https://www.fyphost.com/#max-widget"" target=""_blank"">
      <img src=""https://www.fyphost.com/wp-content/uploads/2025/04/sales-chat.png"" alt=""Chat Icon"">
      <h3>Chat</h3>
      <p>24/7 chat support</p>
    </a>
      <img src=""https://www.fyphost.com/wp-content/uploads/2025/04/email.png"" alt=""Email Icon"">
      <h3>E-mail</h3>
      <p>sales@fyphost.com</p>
    <a href=""https://www.fyphost.com/form-help"" target=""_blank"">
      <img src=""https://www.fyphost.com/wp-content/uploads/2025/04/solution.png"" alt=""Form Icon"">
      <h3>Form</h3>
      <p>Custom Solutions</p>
    </a>
															<img src=""https://www.fyphost.com/wp-content/uploads/elementor/thumbs/workflow-rgwu58kez5dufih8usqt0tr9ytj2dey858vkc6ceje.png"" title=""workflow"" alt=""workflow"" loading=""lazy"" />															
					<h2>Connect Every Workflows</h2>				
					<h2>n8n is the open-source workspace that connects your favorite services. It is the no code, zero implementation solution that truly lets you Drag, Drop and Deploy automation in every way possible. Manage all your n8n automations in one visual dashboard. Your automation is safe, faster than ever, and can scale on-demand on our n8n Cloud.</h2>				
					<!DOCTYPE html>
<html lang=""en"">
<head>
  <meta charset=""UTF-8"" />
  <meta name=""viewport"" content=""width=device-width, initial-scale=1.0""/>
  <title>Hosting Features</title>
  <style>
    body {
      font-family: Arial, sans-serif;
      line-height: 1.6;
      margin: 0;
      padding: 0;
      background-color: #f9fcff;
      overflow-x: hidden;
    }
    .section {
      padding: 40px 20px;
      max-width: 1000px;
      margin: auto;
    }
    .feature-box {
      background-color: #e9f7ff;
      padding: 30px;
      border-radius: 16px;
      display: flex;
      align-items: center;
      gap: 30px;
      flex-wrap: wrap;
      margin-bottom: 60px;
      box-sizing: border-box;
    }
    .feature-box img {
      width: 100%;
      max-width: 300px;
      height: auto;
      flex-shrink: 0;
    }
    .feature-text {
      flex: 1;
      min-width: 250px;
    }
    .feature-text h2 {
      margin-top: 0;
      color: #083a6e;
    }
    .feature-text p {
      color: #333;
    }
    @media (max-width: 768px) {
      .feature-box,
      .terminal-section {
        flex-direction: column;
        text-align: center;
      }
      .feature-text,
      .terminal-section .text {
        width: 100%;
      }
      .feature-box img,
      .terminal-section img {
        margin: 0 auto;
      }
    }
  </style>
</head>
<body>
      <img src=""https://www.fyphost.com/wp-content/uploads/2025/05/images__21_-removebg-preview.png"" alt=""Control Panel Logos"">
       <h2> Experience Unmatched Performance with Next-Gen Intel Power</h2>
       <p>Our top-tier VPS hosting solutions are engineered and rigorously tested on the latest Intel processors and chipsets before launch—ensuring blazing-fast performance and reliability from day one</p>
</body>
</html>				
					<!DOCTYPE html>
<html lang=""en"">
<head>
  <meta charset=""UTF-8"" />
  <meta name=""viewport"" content=""width=device-width, initial-scale=1.0""/>
  <title>Hosting Features</title>
  <style>
    body {
      font-family: Arial, sans-serif;
      line-height: 1.6;
      margin: 0;
      padding: 0;
      background-color: #f9fcff;
      overflow-x: hidden;
    }
    .section {
      padding: 40px 20px;
      max-width: 1000px;
      margin: auto;
    }
    .feature-box {
      background-color: #e9f7ff;
      padding: 10px;
      border-radius: 16px;
      display: flex;
      align-items: center;
      gap: 30px;
      flex-wrap: wrap;
      margin-bottom: 60px;
      box-sizing: border-box;
    }
    .feature-box img {
      width: 100%;
      max-width: 300px;
      height: auto;
      flex-shrink: 0;
    }
    .feature-text {
      flex: 1;
      min-width: 250px;
    }
    .feature-text h2 {
      margin-top: 0;
      color: #083a6e;
    }
    .feature-text p {
      color: #333;
    }
    @media (max-width: 768px) {
      .feature-box,
      .terminal-section {
        flex-direction: column;
        text-align: center;
      }
      .feature-text,
      .terminal-section .text {
        width: 100%;
      }
      .feature-box img,
      .terminal-section img {
        margin: 0 auto;
      }
    }
  </style>
</head>
<body>
      <img src=""https://www.fyphost.com/wp-content/uploads/2025/04/2286814.png"" alt=""Control Panel Logos"">
       <h2>SSD NVMe storage</h2>
       <p>Say goodbye to traditional hard drives. Our premium VPS solutions feature 100% NVMe SSD storage, delivering lightning-fast speeds, enhanced web performance, and a truly lag-free hosting experience.</p>
</body>
</html>				
					<!DOCTYPE html>
<html lang=""en"">
<head>
  <meta charset=""UTF-8"" />
  <meta name=""viewport"" content=""width=device-width, initial-scale=1.0""/>
  <title>Hosting Features</title>
  <style>
    body {
      font-family: Arial, sans-serif;
      line-height: 1.6;
      margin: 0;
      padding: 0;
      background-color: #f9fcff;
      overflow-x: hidden;
    }
    .section {
      padding: 40px 20px;
      max-width: 1000px;
      margin: auto;
    }
    .feature-box {
      background-color: #e9f7ff;
      padding: 30px;
      border-radius: 16px;
      display: flex;
      align-items: center;
      gap: 30px;
      flex-wrap: wrap;
      margin-bottom: 60px;
      box-sizing: border-box;
    }
    .feature-box img {
      width: 100%;
      max-width: 300px;
      height: auto;
      flex-shrink: 0;
    }
    .feature-text {
      flex: 1;
      min-width: 250px;
    }
    .feature-text h2 {
      margin-top: 0;
      color: #083a6e;
    }
    .feature-text p {
      color: #333;
    }
    @media (max-width: 768px) {
      .feature-box,
      .terminal-section {
        flex-direction: column;
        text-align: center;
      }
      .feature-text,
      .terminal-section .text {
        width: 100%;
      }
      .feature-box img,
      .terminal-section img {
        margin: 0 auto;
      }
    }
  </style>
</head>
<body>
      <img src=""https://www.fyphost.com/wp-content/uploads/2025/04/domain-name-resolution.png"" alt=""Control Panel Logos"">
       <h2>Host multiple domains</h2>
       <p>Limitless is the New Standard
With our powerful VPS hosting solutions, managing multiple websites or domains on a single server is effortless. Enjoy full flexibility and scalability through a user-friendly dashboard—streamlining your workflow, reducing server management costs, and simplifying your entire hosting experience.</p>
</body>
</html>				
		[elementor-template id=""4454""]		
					<h2>t&amp;c applies to all plans</h2>","n8n cloud hosting | Fast & Scalable",,publish,closed,closed,,n8n,,,"2026-02-01 06:08:40","2026-02-01 06:08:40",,0,https://www.fyphost.com/?page_id=18990,0,page,,0,raw,1777782566:1,,1,,,a:0:{},,,,a:0:{},,,301,both,"a:1:{s:16:""paragraph_length"";i:0;}","a:17:{s:5:""title"";s:46:""Elementor #2879 - Xhost - hosting &amp; domain"";s:12:""link_preview"";s:62:""https://m.xhost.site/?page_id=2879&no_admin_bar=1&preview=true"";s:8:""og_title"";a:2:{s:5:""count"";i:2;s:6:""values"";a:2:{i:0;s:46:""Elementor #2879 - Xhost - hosting &amp; domain"";i:1;s:46:""Elementor #2879 - Xhost - hosting &amp; domain"";}}s:7:""og_desc"";a:1:{s:5:""count"";i:0;}s:6:""og_img"";a:1:{s:5:""count"";i:0;}s:6:""og_url"";a:3:{s:5:""count"";i:2;s:6:""values"";a:2:{i:0;s:34:""https://m.xhost.site/?page_id=2879"";i:1;s:21:""https://m.xhost.site/"";}s:4:""host"";s:12:""m.xhost.site"";}s:12:""og_site_name"";a:2:{s:5:""count"";i:2;s:6:""values"";a:2:{i:0;s:30:""Xhost - hosting &amp; domain -"";i:1;s:28:""Xhost - hosting &amp; domain"";}}s:8:""tw_title"";a:2:{s:5:""count"";i:2;s:6:""values"";a:2:{i:0;s:46:""Elementor #2879 - Xhost - hosting &amp; domain"";i:1;s:46:""Elementor #2879 - Xhost - hosting &amp; domain"";}}s:7:""tw_desc"";a:1:{s:5:""count"";i:0;}s:6:""tw_img"";a:1:{s:5:""count"";i:0;}s:9:""canonical"";s:34:""https://m.xhost.site/?page_id=2879"";s:13:""all_canonical"";a:2:{i:0;s:34:""https://m.xhost.site/?page_id=2879"";i:1;s:34:""https://m.xhost.site/?page_id=2879"";}s:2:""h1"";a:1:{s:9:""nomatches"";a:1:{s:5:""count"";i:1;}}s:3:""img"";a:1:{s:6:""images"";a:2:{s:11:""without_alt"";a:0:{}s:8:""with_alt"";a:0:{}}}s:11:""meta_robots"";a:2:{i:0;a:1:{i:0;s:23:""max-image-preview:large"";}i:1;a:1:{i:0;s:13:""index, follow"";}}s:14:""nofollow_links"";a:1:{i:0;a:1:{s:20:""https://wpastra.com/"";s:21:""Astra WordPress Theme"";}}s:14:""outbound_links"";a:49:{i:1;a:1:{s:51:""https://xhost.site/?utm=redirect-clickid=headericon"";s:16:""
															"";}i:2;a:1:{s:28:""https://web.xhost.site/login"";s:7:""
						"";}i:5;a:1:{s:82:""https://www.linkedin.com/in/redslix-inc-113412308?utm_source=xhost.site?measlinked"";s:30:""
						Linkedin-in
											"";}i:6;a:1:{s:27:""https://x.com/redslixdotcom"";s:26:""
						Twitter
											"";}i:7;a:1:{s:28:""https://YouTube.com/@redslix"";s:26:""
						Youtube
											"";}i:8;a:1:{s:18:""https://xhost.site"";s:4:""home"";}i:10;a:1:{s:38:""https://xhost.site/woocommerce-hosting"";s:11:""Woocommerce"";}i:11;a:1:{s:36:""https://xhost.site/wordpress-hosting"";s:17:""WordPress Hosting"";}i:13;a:1:{s:33:""https://xhost.site/shared-hosting"";s:11:""Web Hosting"";}i:14;a:1:{s:32:""https://xhost.site/Cloud-hosting"";s:13:""Cloud Hosting"";}i:15;a:1:{s:35:""https://xhost.site/Reseller-hosting"";s:16:""Reseller Hosting"";}i:17;a:1:{s:28:""https://xhost.site/linux-vps"";s:9:""Linux Vps"";}i:18;a:1:{s:30:""https://xhost.site/windows-vps"";s:11:""Windows Vps"";}i:19;a:1:{s:36:""https://xhost.site/dedicated-servers"";s:17:""Dedicated Servers"";}i:21;a:1:{s:27:""https://xhost.site/sitjetio"";s:11:""Sitejet Web"";}i:22;a:1:{s:25:""https://xhost.site/domain"";s:6:""Domain"";}i:24;a:1:{s:22:""https://xhost.site/ssl"";s:3:""SSL"";}i:25;a:1:{s:22:""https://xhost.site/vpn"";s:3:""Vpn"";}i:26;a:1:{s:26:""https://xhost.site/student"";s:7:""Student"";}i:27;a:1:{s:31:""https://xhost.site/chat-hosting"";s:12:""Chat Hosting"";}i:28;a:1:{s:38:""https://web.xhost.site/login?utm=menub"";s:34:""
						
									Login
					
					"";}i:29;a:1:{s:47:""https://web.xhost.site/affiliates.php?utm=menub"";s:38:""
						
									Affiliate
					
					"";}i:30;a:1:{s:38:""https://web.xhost.site/login?utm=menub"";s:34:""
						
									Login
					
					"";}i:31;a:1:{s:37:""https://web.xhost.site/affiliates.php"";s:38:""
						
									Affiliate
					
					"";}i:32;a:1:{s:51:""https://xhost.site/?utm=redirect-clickid=headericon"";s:16:""
															"";}i:33;a:1:{s:22:""https://web.xhost.site"";s:34:""
						
									Login
					
					"";}i:36;a:1:{s:82:""https://www.linkedin.com/in/redslix-inc-113412308?utm_source=xhost.site?measlinked"";s:30:""
						Linkedin-in
											"";}i:37;a:1:{s:27:""https://x.com/redslixdotcom"";s:26:""
						Twitter
											"";}i:38;a:1:{s:28:""https://YouTube.com/@redslix"";s:26:""
						Youtube
											"";}i:39;a:1:{s:18:""https://xhost.site"";s:4:""home"";}i:41;a:1:{s:38:""https://xhost.site/woocommerce-hosting"";s:11:""Woocommerce"";}i:42;a:1:{s:36:""https://xhost.site/wordpress-hosting"";s:17:""WordPress Hosting"";}i:44;a:1:{s:33:""https://xhost.site/shared-hosting"";s:11:""Web Hosting"";}i:45;a:1:{s:32:""https://xhost.site/Cloud-hosting"";s:13:""Cloud Hosting"";}i:46;a:1:{s:35:""https://xhost.site/Reseller-hosting"";s:16:""Reseller Hosting"";}i:48;a:1:{s:28:""https://xhost.site/linux-vps"";s:9:""Linux Vps"";}i:49;a:1:{s:30:""https://xhost.site/windows-vps"";s:11:""Windows Vps"";}i:50;a:1:{s:36:""https://xhost.site/dedicated-servers"";s:17:""Dedicated Servers"";}i:52;a:1:{s:27:""https://xhost.site/sitjetio"";s:11:""Sitejet Web"";}i:53;a:1:{s:25:""https://xhost.site/domain"";s:6:""Domain"";}i:55;a:1:{s:22:""https://xhost.site/ssl"";s:3:""SSL"";}i:56;a:1:{s:22:""https://xhost.site/vpn"";s:3:""Vpn"";}i:57;a:1:{s:26:""https://xhost.site/student"";s:7:""Student"";}i:58;a:1:{s:31:""https://xhost.site/chat-hosting"";s:12:""Chat Hosting"";}i:59;a:1:{s:38:""https://web.xhost.site/login?utm=menub"";s:34:""
						
									Login
					
					"";}i:60;a:1:{s:47:""https://web.xhost.site/affiliates.php?utm=menub"";s:38:""
						
									Affiliate
					
					"";}i:61;a:1:{s:38:""https://web.xhost.site/login?utm=menub"";s:34:""
						
									Login
					
					"";}i:62;a:1:{s:37:""https://web.xhost.site/affiliates.php"";s:38:""
						
									Affiliate
					
					"";}i:63;a:1:{s:20:""https://wpastra.com/"";s:21:""Astra WordPress Theme"";}}}",builder,wp-page,3.26.4,3.24.0,disabled,disabled,disabled,disabled,full-width-container,no-sidebar,default,"[{""id"":""4928764"",""elType"":""section"",""settings"":{""structure"":""20""},""elements"":[{""id"":""e36f32d"",""elType"":""column"",""settings"":{""_column_size"":50,""_inline_size"":null},""elements"":[{""id"":""ef4b3e8"",""elType"":""widget"",""settings"":{""title"":""Fast n8n Hosting -  Up to 81% Off  ."",""align_tablet"":""left"",""_padding"":{""unit"":""px"",""top"":""0"",""right"":""0"",""bottom"":""0"",""left"":""0"",""isLinked"":true},""_margin"":{""unit"":""px"",""top"":""48"",""right"":""88"",""bottom"":""0"",""left"":""0"",""isLinked"":false},""typography_typography"":""custom"",""typography_font_size_tablet"":{""unit"":""px"",""size"":30,""sizes"":[]},""_margin_tablet"":{""unit"":""px"",""top"":""0"",""right"":""0"",""bottom"":""0"",""left"":""0"",""isLinked"":false}},""elements"":[],""widgetType"":""heading""},{""id"":""d83af38"",""elType"":""widget"",""settings"":{""title"":""up to 81% off pre-installed n8n hosting"",""typography_typography"":""custom"",""typography_font_size"":{""unit"":""px"",""size"":21,""sizes"":[]},""typography_font_size_mobile"":{""unit"":""px"",""size"":20,""sizes"":[]},""typography_font_weight"":""400""},""elements"":[],""widgetType"":""heading""},{""id"":""42f0389"",""elType"":""widget"",""settings"":{""title"":""From \u20b9"",""typography_typography"":""custom"",""typography_font_size"":{""unit"":""px"",""size"":18,""sizes"":[]},""text_stroke_text_stroke_type"":""yes"",""_margin"":{""unit"":""px"",""top"":""16"",""right"":""2"",""bottom"":""0"",""left"":""0"",""isLinked"":false},""_element_width"":""auto""},""elements"":[],""widgetType"":""heading""},{""id"":""ed2e3c8"",""elType"":""widget"",""settings"":{""title"":""299.00"",""_margin_mobile"":{""unit"":""px"",""top"":""0"",""right"":""0"",""bottom"":""0"",""left"":""0"",""isLinked"":false},""_padding_mobile"":{""unit"":""px"",""top"":""0"",""right"":""0"",""bottom"":""0"",""left"":""0"",""isLinked"":false},""_element_width_mobile"":""auto"",""_margin"":{""unit"":""px"",""top"":""0"",""right"":""0"",""bottom"":""0"",""left"":""-1"",""isLinked"":false},""_padding"":{""unit"":""px"",""top"":""0"",""right"":""0"",""bottom"":""0"",""left"":""0"",""isLinked"":false},""_element_width"":""auto"",""_padding_tablet"":{""unit"":""px"",""top"":""0"",""right"":""0"",""bottom"":""0"",""left"":""0"",""isLinked"":true},""typography_typography"":""custom"",""title_color"":""#4B57F1""},""elements"":[],""widgetType"":""heading""},{""id"":""c4c4b8d"",""elType"":""widget"",""settings"":{""title"":""\/mo"",""title_color"":""#383737"",""_padding_mobile"":{""unit"":""px"",""top"":""0"",""right"":""0"",""bottom"":""0"",""left"":""0"",""isLinked"":false},""_element_width_mobile"":""auto"",""header_size"":""h3"",""typography_typography"":""custom"",""typography_font_weight"":""400"",""_margin_mobile"":{""unit"":""px"",""top"":""12.0"",""right"":""0"",""bottom"":""0"",""left"":""3.0"",""isLinked"":false},""_margin"":{""unit"":""px"",""top"":""9.0"",""right"":""0"",""bottom"":""0"",""left"":""0"",""isLinked"":false},""_padding"":{""unit"":""px"",""top"":""0"",""right"":""0"",""bottom"":""0"",""left"":""-6.0"",""isLinked"":false},""_element_width"":""auto""},""elements"":[],""widgetType"":""heading""},{""id"":""235a241"",""elType"":""widget"",""settings"":{""icon_list"":[{""text"":""One-click n8n installation"",""_id"":""4b8a51f""},{""text"":""NVMe SSD storage"",""_id"":""4b5ddd3""},{""text"":""24\/7 customer support"",""_id"":""df8ad2d""}],""icon_typography_typography"":""custom"",""icon_typography_font_family"":""Poppins"",""icon_typography_font_size"":{""unit"":""px"",""size"":19,""sizes"":[]},""icon_color"":""#33B803"",""text_color"":""#000000"",""_margin"":{""unit"":""px"",""top"":""10"",""right"":""0"",""bottom"":""0"",""left"":""0"",""isLinked"":false},""_margin_mobile"":{""unit"":""px"",""top"":""10"",""right"":""0"",""bottom"":""0"",""left"":""5.0"",""isLinked"":false}},""elements"":[],""widgetType"":""icon-list""},{""id"":""97ce4f8"",""elType"":""widget"",""settings"":{""text"":""Claim plan"",""align_mobile"":""center"",""typography_typography"":""custom"",""typography_font_family"":""Poppins"",""typography_font_size_mobile"":{""unit"":""px"",""size"":18,""sizes"":[]},""background_color"":""#3948DE"",""border_radius_mobile"":{""unit"":""px"",""top"":""6.0"",""right"":""5.0"",""bottom"":""5.0"",""left"":""5.0"",""isLinked"":false},""text_padding_mobile"":{""unit"":""px"",""top"":""15.0"",""right"":""110"",""bottom"":""15.0"",""left"":""111"",""isLinked"":false},""link"":{""url"":""#deal"",""is_external"":"""",""nofollow"":"""",""custom_attributes"":""""},""custom_css"":""<a href=\"#\" onclick=\"scrollToMidPricing()\" Claim Deal<\/a>\n\n<script>\nfunction scrollToMidPricing() {\n    let pricingTable = document.getElementById(\"deal\");\n    let offset = pricingTable.offsetTop + (pricingTable.offsetHeight \/ 2) - (window.innerHeight \/ 2);\n    \n    window.scrollTo({ top: offset, behavior: \"smooth\" });\n}\n<\/script>"",""border_radius"":{""unit"":""px"",""top"":""7"",""right"":""7"",""bottom"":""7"",""left"":""7"",""isLinked"":true},""text_padding"":{""unit"":""px"",""top"":""16"",""right"":""50"",""bottom"":""16.0"",""left"":""50"",""isLinked"":false},""_margin"":{""unit"":""px"",""top"":""0"",""right"":""0"",""bottom"":""0"",""left"":""05"",""isLinked"":false},""_padding"":{""unit"":""px"",""top"":""0"",""right"":""0"",""bottom"":""0"",""left"":""0"",""isLinked"":true},""align"":""left"",""_margin_mobile"":{""unit"":""px"",""top"":""0"",""right"":""0"",""bottom"":""0"",""left"":""0"",""isLinked"":false}},""elements"":[],""widgetType"":""button""},{""id"":""1a3e51e"",""elType"":""widget"",""settings"":{""selected_icon"":{""value"":""icon icon-shield"",""library"":""ekiticons""},""primary_color"":""#2D2D2D"",""size_mobile"":{""unit"":""px"",""size"":19,""sizes"":[]},""_margin_mobile"":{""unit"":""px"",""top"":""-18"",""right"":""0"",""bottom"":""0"",""left"":""10"",""isLinked"":false},""_padding_mobile"":{""unit"":""px"",""top"":""3"",""right"":""0"",""bottom"":""0"",""left"":""0"",""isLinked"":false},""align"":"""",""size"":{""unit"":""px"",""size"":19,""sizes"":[]},""_padding"":{""unit"":""px"",""top"":""0"",""right"":""0"",""bottom"":""0"",""left"":""3"",""isLinked"":false},""_margin"":{""unit"":""px"",""top"":""-8"",""right"":""0"",""bottom"":""0"",""left"":""1"",""isLinked"":false},""_element_width"":""auto""},""elements"":[],""widgetType"":""icon""},{""id"":""8bdfc5a"",""elType"":""widget"",""settings"":{""title"":""30-day money-back guarantee"",""align_mobile"":""left"",""typography_typography"":""custom"",""typography_font_family"":""Inter"",""typography_font_size_mobile"":{""unit"":""px"",""size"":16,""sizes"":[]},""_margin_mobile"":{""unit"":""px"",""top"":""-15"",""right"":""0"",""bottom"":""0"",""left"":""2"",""isLinked"":false},""_padding_mobile"":{""unit"":""px"",""top"":""0"",""right"":""0"",""bottom"":""0"",""left"":""0"",""isLinked"":false},""_element_width_mobile"":""initial"",""_element_custom_width_mobile"":{""unit"":""px"",""size"":283.594},""typography_font_weight"":""400"",""align"":""left"",""typography_font_size"":{""unit"":""px"",""size"":16,""sizes"":[]},""_margin"":{""unit"":""px"",""top"":""-8"",""right"":""4"",""bottom"":""0"",""left"":""2"",""isLinked"":false},""_element_width"":""auto""},""elements"":[],""widgetType"":""heading""}],""isInner"":false},{""id"":""7d81793"",""elType"":""column"",""settings"":{""_column_size"":50,""_inline_size"":null},""elements"":[{""id"":""ba28caa"",""elType"":""widget"",""settings"":{""image"":{""url"":""https:\/\/www.fyphost.com\/wp-content\/uploads\/2025\/12\/n8n-bg.png"",""id"":18992,""size"":"""",""alt"":"""",""source"":""library""},""image_size"":""medium_large"",""_margin"":{""unit"":""px"",""top"":""40"",""right"":""0"",""bottom"":""0"",""left"":""0"",""isLinked"":false},""_margin_tablet"":{""unit"":""px"",""top"":""100"",""right"":""0"",""bottom"":""0"",""left"":""0"",""isLinked"":false},""_margin_mobile"":{""unit"":""px"",""top"":""0"",""right"":""0"",""bottom"":""0"",""left"":""0"",""isLinked"":false}},""elements"":[],""widgetType"":""image""}],""isInner"":false}],""isInner"":false},{""id"":""9c9d0ff"",""elType"":""section"",""settings"":[],""elements"":[{""id"":""7d76849"",""elType"":""column"",""settings"":{""_column_size"":100,""_inline_size"":null},""elements"":[{""id"":""3623161"",""elType"":""widget"",""settings"":[],""elements"":[],""widgetType"":""spacer""}],""isInner"":false}],""isInner"":false},{""id"":""21d5e3f"",""elType"":""section"",""settings"":[],""elements"":[{""id"":""ab48014"",""elType"":""column"",""settings"":{""_column_size"":100,""_inline_size"":null},""elements"":[{""id"":""ad8d4df"",""elType"":""widget"",""settings"":{""title"":""VPS pricing options for every budget"",""typography_typography"":""custom"",""typography_font_size_mobile"":{""unit"":""px"",""size"":25,""sizes"":[]},""align"":""center"",""align_mobile"":""center""},""elements"":[],""widgetType"":""heading""}],""isInner"":false}],""isInner"":false},{""id"":""c4fdd29"",""elType"":""section"",""settings"":[],""elements"":[{""id"":""2dcfb4e"",""elType"":""column"",""settings"":{""_column_size"":100,""_inline_size"":null},""elements"":[{""id"":""47a30bf"",""elType"":""widget"",""settings"":{""title"":""Get started in complete confidence. Our 30-day money-back guarantee means it's risk-free.\n\n"",""header_size"":""h4"",""typography_typography"":""custom"",""typography_font_family"":""Poppins"",""typography_font_size_mobile"":{""unit"":""px"",""size"":16,""sizes"":[]},""typography_font_weight"":""400"",""title_color"":""#1C2231"",""_margin_mobile"":{""unit"":""px"",""top"":""-15.0"",""right"":""0"",""bottom"":""0"",""left"":""0"",""isLinked"":false},""_padding"":{""unit"":""px"",""top"":""0"",""right"":""70"",""bottom"":""0"",""left"":""70"",""isLinked"":false},""_padding_mobile"":{""unit"":""px"",""top"":""0"",""right"":""0"",""bottom"":""0"",""left"":""0"",""isLinked"":false},""align"":""center"",""align_mobile"":""center""},""elements"":[],""widgetType"":""heading""}],""isInner"":false}],""isInner"":false},{""id"":""2b20c16"",""elType"":""section"",""settings"":[],""elements"":[{""id"":""a6a29d8"",""elType"":""column"",""settings"":{""_column_size"":100,""_inline_size"":null},""elements"":[{""id"":""6c93dd6"",""elType"":""widget"",""settings"":{""shortcode"":""[elementor-template id=\"3788\"]"",""_element_id"":""deal""},""elements"":[],""widgetType"":""shortcode""}],""isInner"":false}],""isInner"":false},{""id"":""9217767"",""elType"":""section"",""settings"":[],""elements"":[{""id"":""0c536bf"",""elType"":""column"",""settings"":{""_column_size"":100,""_inline_size"":null},""elements"":[{""id"":""e1fe38b"",""elType"":""widget"",""settings"":{""html"":""<div class=\"contact-section\">\n  <div class=\"contact-box\">\n    <a href=\"https:\/\/www.fyphost.com\/#max-widget\" class=\"contact-item\" target=\"_blank\">\n      <img src=\"https:\/\/www.fyphost.com\/wp-content\/uploads\/2025\/04\/sales-chat.png\" alt=\"Chat Icon\">\n      <h3>Chat<\/h3>\n      <p>24\/7 chat support<\/p>\n    <\/a>\n    <div class=\"contact-item\">\n      <img src=\"https:\/\/www.fyphost.com\/wp-content\/uploads\/2025\/04\/email.png\" alt=\"Email Icon\">\n      <h3>E-mail<\/h3>\n      <p>sales@fyphost.com<\/p>\n    <\/div>\n    <a href=\"https:\/\/www.fyphost.com\/form-help\" class=\"contact-item\" target=\"_blank\">\n      <img src=\"https:\/\/www.fyphost.com\/wp-content\/uploads\/2025\/04\/solution.png\" alt=\"Form Icon\">\n      <h3>Form<\/h3>\n      <p>Custom Solutions<\/p>\n    <\/a>\n  <\/div>\n<\/div>"",""custom_css"":"".contact-section {\n  background-color: #e6e6ff;\n  padding: 20px;\n  border-radius: 15px;\n  box-shadow: 0 4px 10px rgba(0, 0, 0, 0.1);\n  max-width: 900px;\n  margin: 30px auto;\n  text-align: center;\n}\n\n.contact-box {\n  display: flex;\n  justify-content: space-around;\n  flex-wrap: wrap;\n}\n\n.contact-item {\n  width: 30%;\n  min-width: 200px;\n  padding: 10px;\n  text-decoration: none;\n  color: inherit;\n}\n\n.contact-item img {\n  width: 50px;\n  height: 50px;\n  margin-bottom: 10px;\n}\n\n.contact-item h3 {\n  margin-bottom: 5px;\n  font-size: 1.2rem;\n  color: #333;\n}\n\n.contact-item p {\n  color: #555;\n}""},""elements"":[],""widgetType"":""html""}],""isInner"":false}],""isInner"":false},{""id"":""06224ea"",""elType"":""section"",""settings"":{""structure"":""20""},""elements"":[{""id"":""58e4842"",""elType"":""column"",""settings"":{""_column_size"":50,""_inline_size"":null},""elements"":[{""id"":""4ab783a"",""elType"":""widget"",""settings"":{""image"":{""url"":""https:\/\/www.fyphost.com\/wp-content\/uploads\/2025\/12\/workflow.png"",""id"":18996,""size"":"""",""alt"":"""",""source"":""library""},""image_size"":""custom"",""image_custom_dimension"":{""width"":""511"",""height"":""329""}},""elements"":[],""widgetType"":""image""}],""isInner"":false},{""id"":""c72dbb4"",""elType"":""column"",""settings"":{""_column_size"":50,""_inline_size"":null},""elements"":[{""id"":""fc22d08"",""elType"":""widget"",""settings"":{""title"":""Connect Every Workflows"",""_margin"":{""unit"":""px"",""top"":""20"",""right"":""0"",""bottom"":""0"",""left"":""0"",""isLinked"":false},""typography_typography"":""custom"",""typography_font_size_mobile"":{""unit"":""px"",""size"":25,""sizes"":[]},""_margin_mobile"":{""unit"":""px"",""top"":""0"",""right"":""0"",""bottom"":""0"",""left"":""0"",""isLinked"":false}},""elements"":[],""widgetType"":""heading""},{""id"":""c5e436c"",""elType"":""widget"",""settings"":{""title"":""n8n is the open-source workspace that connects your favorite services. It is the no code, zero implementation solution that truly lets you Drag, Drop and Deploy automation in every way possible. Manage all your n8n automations in one visual dashboard. Your automation is safe, faster than ever, and can scale on-demand on our n8n Cloud."",""typography_typography"":""custom"",""typography_font_size"":{""unit"":""px"",""size"":18,""sizes"":[]},""typography_font_weight"":""400"",""_margin"":{""unit"":""px"",""top"":""0"",""right"":""250"",""bottom"":""0"",""left"":""0"",""isLinked"":false},""_margin_mobile"":{""unit"":""px"",""top"":""0"",""right"":""0"",""bottom"":""0"",""left"":""0"",""isLinked"":false}},""elements"":[],""widgetType"":""heading""}],""isInner"":false}],""isInner"":false},{""id"":""05d6c65"",""elType"":""section"",""settings"":[],""elements"":[{""id"":""60d81f2"",""elType"":""column"",""settings"":{""_column_size"":100,""_inline_size"":null},""elements"":[{""id"":""459521e"",""elType"":""widget"",""settings"":{""html"":""<!DOCTYPE html>\n<html lang=\"en\">\n<head>\n  <meta charset=\"UTF-8\" \/>\n  <meta name=\"viewport\" content=\"width=device-width, initial-scale=1.0\"\/>\n  <title>Hosting Features<\/title>\n  <style>\n    body {\n      font-family: Arial, sans-serif;\n      line-height: 1.6;\n      margin: 0;\n      padding: 0;\n      background-color: #f9fcff;\n      overflow-x: hidden;\n    }\n\n    .section {\n      padding: 40px 20px;\n      max-width: 1000px;\n      margin: auto;\n    }\n\n    .feature-box {\n      background-color: #e9f7ff;\n      padding: 30px;\n      border-radius: 16px;\n      display: flex;\n      align-items: center;\n      gap: 30px;\n      flex-wrap: wrap;\n      margin-bottom: 60px;\n      box-sizing: border-box;\n    }\n\n    .feature-box img {\n      width: 100%;\n      max-width: 300px;\n      height: auto;\n      flex-shrink: 0;\n    }\n\n    .feature-text {\n      flex: 1;\n      min-width: 250px;\n    }\n\n    .feature-text h2 {\n      margin-top: 0;\n      color: #083a6e;\n    }\n\n    .feature-text p {\n      color: #333;\n    }\n\n    @media (max-width: 768px) {\n      .feature-box,\n      .terminal-section {\n        flex-direction: column;\n        text-align: center;\n      }\n\n      .feature-text,\n      .terminal-section .text {\n        width: 100%;\n      }\n\n      .feature-box img,\n      .terminal-section img {\n        margin: 0 auto;\n      }\n    }\n  <\/style>\n<\/head>\n<body>\n\n  <div class=\"section\">\n    <div class=\"feature-box\">\n      <img src=\"https:\/\/www.fyphost.com\/wp-content\/uploads\/2025\/05\/images__21_-removebg-preview.png\" alt=\"Control Panel Logos\">\n      <div class=\"feature-text\">\n       <h2> Experience Unmatched Performance with Next-Gen Intel Power<\/h2>\n       <p>Our top-tier VPS hosting solutions are engineered and rigorously tested on the latest Intel processors and chipsets before launch\u2014ensuring blazing-fast performance and reliability from day one<\/p>\n \n      <\/div>\n   <\/div>\n<\/body>\n<\/html>"",""_margin"":{""unit"":""px"",""top"":""-30"",""right"":""0"",""bottom"":""-90"",""left"":""0"",""isLinked"":false},""_margin_mobile"":{""unit"":""px"",""top"":""0"",""right"":""0"",""bottom"":""-80"",""left"":""0"",""isLinked"":false},""_background_color_stop_tablet"":{""unit"":""%""},""_background_color_stop_mobile"":{""unit"":""%""},""_background_color_b_stop_tablet"":{""unit"":""%""},""_background_color_b_stop_mobile"":{""unit"":""%""},""_background_gradient_angle_tablet"":{""unit"":""deg""},""_background_gradient_angle_mobile"":{""unit"":""deg""},""_background_hover_color_stop_tablet"":{""unit"":""%""},""_background_hover_color_stop_mobile"":{""unit"":""%""},""_background_hover_color_b_stop_tablet"":{""unit"":""%""},""_background_hover_color_b_stop_mobile"":{""unit"":""%""},""_background_hover_gradient_angle_tablet"":{""unit"":""deg""},""_background_hover_gradient_angle_mobile"":{""unit"":""deg""}},""elements"":[],""widgetType"":""html""}],""isInner"":false}],""isInner"":false},{""id"":""38c26fd"",""elType"":""section"",""settings"":[],""elements"":[{""id"":""6fd4b3c"",""elType"":""column"",""settings"":{""_column_size"":100,""_inline_size"":null},""elements"":[{""id"":""0c98043"",""elType"":""widget"",""settings"":{""html"":""<!DOCTYPE html>\n<html lang=\"en\">\n<head>\n  <meta charset=\"UTF-8\" \/>\n  <meta name=\"viewport\" content=\"width=device-width, initial-scale=1.0\"\/>\n  <title>Hosting Features<\/title>\n  <style>\n    body {\n      font-family: Arial, sans-serif;\n      line-height: 1.6;\n      margin: 0;\n      padding: 0;\n      background-color: #f9fcff;\n      overflow-x: hidden;\n    }\n\n    .section {\n      padding: 40px 20px;\n      max-width: 1000px;\n      margin: auto;\n    }\n\n    .feature-box {\n      background-color: #e9f7ff;\n      padding: 10px;\n      border-radius: 16px;\n      display: flex;\n      align-items: center;\n      gap: 30px;\n      flex-wrap: wrap;\n      margin-bottom: 60px;\n      box-sizing: border-box;\n    }\n\n    .feature-box img {\n      width: 100%;\n      max-width: 300px;\n      height: auto;\n      flex-shrink: 0;\n    }\n\n    .feature-text {\n      flex: 1;\n      min-width: 250px;\n    }\n\n    .feature-text h2 {\n      margin-top: 0;\n      color: #083a6e;\n    }\n\n    .feature-text p {\n      color: #333;\n    }\n\n    @media (max-width: 768px) {\n      .feature-box,\n      .terminal-section {\n        flex-direction: column;\n        text-align: center;\n      }\n\n      .feature-text,\n      .terminal-section .text {\n        width: 100%;\n      }\n\n      .feature-box img,\n      .terminal-section img {\n        margin: 0 auto;\n      }\n    }\n  <\/style>\n<\/head>\n<body>\n\n  <div class=\"section\">\n    <div class=\"feature-box\">\n      <img src=\"https:\/\/www.fyphost.com\/wp-content\/uploads\/2025\/04\/2286814.png\" alt=\"Control Panel Logos\">\n      <div class=\"feature-text\">\n       <h2>SSD NVMe storage<\/h2>\n       <p>Say goodbye to traditional hard drives. Our premium VPS solutions feature 100% NVMe SSD storage, delivering lightning-fast speeds, enhanced web performance, and a truly lag-free hosting experience.<\/p>\n \n      <\/div>\n   <\/div>\n<\/body>\n<\/html>"",""_margin"":{""unit"":""px"",""top"":""-30"",""right"":""0"",""bottom"":""-90"",""left"":""0"",""isLinked"":false},""_margin_mobile"":{""unit"":""px"",""top"":""-30"",""right"":""0"",""bottom"":""-70"",""left"":""0"",""isLinked"":false},""_padding_mobile"":{""unit"":""px"",""top"":""0"",""right"":""0"",""bottom"":""0"",""left"":""0"",""isLinked"":false},""_background_color_stop_tablet"":{""unit"":""%""},""_background_color_stop_mobile"":{""unit"":""%""},""_background_color_b_stop_tablet"":{""unit"":""%""},""_background_color_b_stop_mobile"":{""unit"":""%""},""_background_gradient_angle_tablet"":{""unit"":""deg""},""_background_gradient_angle_mobile"":{""unit"":""deg""},""_background_hover_color_stop_tablet"":{""unit"":""%""},""_background_hover_color_stop_mobile"":{""unit"":""%""},""_background_hover_color_b_stop_tablet"":{""unit"":""%""},""_background_hover_color_b_stop_mobile"":{""unit"":""%""},""_background_hover_gradient_angle_tablet"":{""unit"":""deg""},""_background_hover_gradient_angle_mobile"":{""unit"":""deg""}},""elements"":[],""widgetType"":""html""}],""isInner"":false}],""isInner"":false},{""id"":""a5fcadf"",""elType"":""section"",""settings"":[],""elements"":[{""id"":""e133169"",""elType"":""column"",""settings"":{""_column_size"":100,""_inline_size"":null},""elements"":[{""id"":""efc7cc0"",""elType"":""widget"",""settings"":{""html"":""<!DOCTYPE html>\n<html lang=\"en\">\n<head>\n  <meta charset=\"UTF-8\" \/>\n  <meta name=\"viewport\" content=\"width=device-width, initial-scale=1.0\"\/>\n  <title>Hosting Features<\/title>\n  <style>\n    body {\n      font-family: Arial, sans-serif;\n      line-height: 1.6;\n      margin: 0;\n      padding: 0;\n      background-color: #f9fcff;\n      overflow-x: hidden;\n    }\n\n    .section {\n      padding: 40px 20px;\n      max-width: 1000px;\n      margin: auto;\n    }\n\n    .feature-box {\n      background-color: #e9f7ff;\n      padding: 30px;\n      border-radius: 16px;\n      display: flex;\n      align-items: center;\n      gap: 30px;\n      flex-wrap: wrap;\n      margin-bottom: 60px;\n      box-sizing: border-box;\n    }\n\n    .feature-box img {\n      width: 100%;\n      max-width: 300px;\n      height: auto;\n      flex-shrink: 0;\n    }\n\n    .feature-text {\n      flex: 1;\n      min-width: 250px;\n    }\n\n    .feature-text h2 {\n      margin-top: 0;\n      color: #083a6e;\n    }\n\n    .feature-text p {\n      color: #333;\n    }\n\n    @media (max-width: 768px) {\n      .feature-box,\n      .terminal-section {\n        flex-direction: column;\n        text-align: center;\n      }\n\n      .feature-text,\n      .terminal-section .text {\n        width: 100%;\n      }\n\n      .feature-box img,\n      .terminal-section img {\n        margin: 0 auto;\n      }\n    }\n  <\/style>\n<\/head>\n<body>\n\n  <div class=\"section\">\n    <div class=\"feature-box\">\n      <img src=\"https:\/\/www.fyphost.com\/wp-content\/uploads\/2025\/04\/domain-name-resolution.png\" alt=\"Control Panel Logos\">\n      <div class=\"feature-text\">\n       <h2>Host multiple domains<\/h2>\n       <p>Limitless is the New Standard\nWith our powerful VPS hosting solutions, managing multiple websites or domains on a single server is effortless. Enjoy full flexibility and scalability through a user-friendly dashboard\u2014streamlining your workflow, reducing server management costs, and simplifying your entire hosting experience.<\/p>\n \n      <\/div>\n   <\/div>\n<\/body>\n<\/html>"",""_margin"":{""unit"":""px"",""top"":""-30"",""right"":""0"",""bottom"":""-90"",""left"":""0"",""isLinked"":false},""_margin_mobile"":{""unit"":""px"",""top"":""-30"",""right"":""0"",""bottom"":""-80"",""left"":""0"",""isLinked"":false},""_background_color_stop_tablet"":{""unit"":""%""},""_background_color_stop_mobile"":{""unit"":""%""},""_background_color_b_stop_tablet"":{""unit"":""%""},""_background_color_b_stop_mobile"":{""unit"":""%""},""_background_gradient_angle_tablet"":{""unit"":""deg""},""_background_gradient_angle_mobile"":{""unit"":""deg""},""_background_hover_color_stop_tablet"":{""unit"":""%""},""_background_hover_color_stop_mobile"":{""unit"":""%""},""_background_hover_color_b_stop_tablet"":{""unit"":""%""},""_background_hover_color_b_stop_mobile"":{""unit"":""%""},""_background_hover_gradient_angle_tablet"":{""unit"":""deg""},""_background_hover_gradient_angle_mobile"":{""unit"":""deg""}},""elements"":[],""widgetType"":""html""}],""isInner"":false}],""isInner"":false},{""id"":""0ef52b3"",""elType"":""section"",""settings"":[],""elements"":[{""id"":""77fc0c2"",""elType"":""column"",""settings"":{""_column_size"":100,""_inline_size"":null},""elements"":[],""isInner"":false}],""isInner"":false},{""id"":""ea28fd1"",""elType"":""section"",""settings"":[],""elements"":[{""id"":""72263e9"",""elType"":""column"",""settings"":{""_column_size"":100,""_inline_size"":null},""elements"":[],""isInner"":false}],""isInner"":false},{""id"":""b668d68"",""elType"":""section"",""settings"":[],""elements"":[{""id"":""9d05f1f"",""elType"":""column"",""settings"":{""_column_size"":100,""_inline_size"":null},""elements"":[{""id"":""78994a0"",""elType"":""widget"",""settings"":{""shortcode"":""[elementor-template id=\"4454\"]""},""elements"":[],""widgetType"":""shortcode""}],""isInner"":false}],""isInner"":false},{""id"":""878c45b"",""elType"":""section"",""settings"":[],""elements"":[{""id"":""c3f4693"",""elType"":""column"",""settings"":{""_column_size"":100,""_inline_size"":null},""elements"":[{""id"":""d3c2111"",""elType"":""widget"",""settings"":{""title"":""t&c applies to all plans"",""align"":""center"",""typography_typography"":""custom"",""typography_font_size"":{""unit"":""px"",""size"":15,""sizes"":[]},""typography_font_weight"":""300""},""elements"":[],""widgetType"":""heading""}],""isInner"":false}],""isInner"":false}]",1746631838,90,[],"[""""]",9,"a:4:{s:6:""origin"";s:3:""vps"";s:6:""target"";s:9:""linux-vps"";s:4:""type"";i:301;s:6:""format"";s:5:""plain"";}","a:2:{s:6:""styles"";a:4:{i:0;s:14:""widget-heading"";i:1;s:16:""widget-icon-list"";i:2;s:12:""widget-image"";i:3;s:13:""widget-spacer"";}s:7:""scripts"";a:1:{i:0;s:18:""elementor-frontend"";}}","a:6:{s:4:""time"";i:1779329889;s:5:""fonts"";a:2:{i:0;s:7:""Poppins"";i:1;s:5:""Inter"";}s:5:""icons"";a:3:{i:0;s:8:""fa-solid"";i:3;s:0:"""";i:4;s:9:""ekiticons"";}s:20:""dynamic_elements_ids"";a:0:{}s:6:""status"";s:4:""file"";i:0;s:0:"""";}","{""timeout"":1781058433,""value"":{""content"":""\t\t<section class=\"elementor-section elementor-top-section elementor-element elementor-element-4928764 elementor-section-boxed elementor-section-height-default elementor-section-height-default\" data-id=\"4928764\" data-element_type=\"section\" data-e-type=\"section\">\n\t\t\t\t\t\t<div class=\"elementor-container elementor-column-gap-default\">\n\t\t\t\t\t<div class=\"elementor-column elementor-col-50 elementor-top-column elementor-element elementor-element-e36f32d\" data-id=\"e36f32d\" data-element_type=\"column\" data-e-type=\"column\">\n\t\t\t<div class=\"elementor-widget-wrap elementor-element-populated\">\n\t\t\t\t\t\t<div class=\"elementor-element elementor-element-ef4b3e8 elementor-widget elementor-widget-heading\" data-id=\"ef4b3e8\" data-element_type=\"widget\" data-e-type=\"widget\" data-widget_type=\"heading.default\">\n\t\t\t\t<div class=\"elementor-widget-container\">\n\t\t\t\t\t<h2 class=\"elementor-heading-title elementor-size-default\">Fast n8n Hosting -  Up to 81% Off  .<\/h2>\t\t\t\t<\/div>\n\t\t\t\t<\/div>\n\t\t\t\t<div class=\"elementor-element elementor-element-d83af38 elementor-widget elementor-widget-heading\" data-id=\"d83af38\" data-element_type=\"widget\" data-e-type=\"widget\" data-widget_type=\"heading.default\">\n\t\t\t\t<div class=\"elementor-widget-container\">\n\t\t\t\t\t<h2 class=\"elementor-heading-title elementor-size-default\">up to 81% off pre-installed n8n hosting<\/h2>\t\t\t\t<\/div>\n\t\t\t\t<\/div>\n\t\t\t\t<div class=\"elementor-element elementor-element-42f0389 elementor-widget__width-auto elementor-widget elementor-widget-heading\" data-id=\"42f0389\" data-element_type=\"widget\" data-e-type=\"widget\" data-widget_type=\"heading.default\">\n\t\t\t\t<div class=\"elementor-widget-container\">\n\t\t\t\t\t<h2 class=\"elementor-heading-title elementor-size-default\">From \u20b9<\/h2>\t\t\t\t<\/div>\n\t\t\t\t<\/div>\n\t\t\t\t<div class=\"elementor-element elementor-element-ed2e3c8 elementor-widget-mobile__width-auto elementor-widget__width-auto elementor-widget elementor-widget-heading\" data-id=\"ed2e3c8\" data-element_type=\"widget\" data-e-type=\"widget\" data-widget_type=\"heading.default\">\n\t\t\t\t<div class=\"elementor-widget-container\">\n\t\t\t\t\t<h2 class=\"elementor-heading-title elementor-size-default\">299.00<\/h2>\t\t\t\t<\/div>\n\t\t\t\t<\/div>\n\t\t\t\t<div class=\"elementor-element elementor-element-c4c4b8d elementor-widget-mobile__width-auto elementor-widget__width-auto elementor-widget elementor-widget-heading\" data-id=\"c4c4b8d\" data-element_type=\"widget\" data-e-type=\"widget\" data-widget_type=\"heading.default\">\n\t\t\t\t<div class=\"elementor-widget-container\">\n\t\t\t\t\t<h3 class=\"elementor-heading-title elementor-size-default\">\/mo<\/h3>\t\t\t\t<\/div>\n\t\t\t\t<\/div>\n\t\t\t\t<div class=\"elementor-element elementor-element-235a241 elementor-icon-list--layout-traditional elementor-list-item-link-full_width elementor-widget elementor-widget-icon-list\" data-id=\"235a241\" data-element_type=\"widget\" data-e-type=\"widget\" data-widget_type=\"icon-list.default\">\n\t\t\t\t<div class=\"elementor-widget-container\">\n\t\t\t\t\t\t\t<ul class=\"elementor-icon-list-items\">\n\t\t\t\t\t\t\t<li class=\"elementor-icon-list-item\">\n\t\t\t\t\t\t\t\t\t\t\t<span class=\"elementor-icon-list-icon\">\n\t\t\t\t\t\t\t<svg aria-hidden=\"true\" class=\"e-font-icon-svg e-fas-check\" viewBox=\"0 0 512 512\" xmlns=\"http:\/\/www.w3.org\/2000\/svg\"><path d=\"M173.898 439.404l-166.4-166.4c-9.997-9.997-9.997-26.206 0-36.204l36.203-36.204c9.997-9.998 26.207-9.998 36.204 0L192 312.69 432.095 72.596c9.997-9.997 26.207-9.997 36.204 0l36.203 36.204c9.997 9.997 9.997 26.206 0 36.204l-294.4 294.401c-9.998 9.997-26.207 9.997-36.204-.001z\"><\/path><\/svg>\t\t\t\t\t\t<\/span>\n\t\t\t\t\t\t\t\t\t\t<span class=\"elementor-icon-list-text\">One-click n8n installation<\/span>\n\t\t\t\t\t\t\t\t\t<\/li>\n\t\t\t\t\t\t\t\t<li class=\"elementor-icon-list-item\">\n\t\t\t\t\t\t\t\t\t\t\t<span class=\"elementor-icon-list-icon\">\n\t\t\t\t\t\t\t<svg aria-hidden=\"true\" class=\"e-font-icon-svg e-fas-check\" viewBox=\"0 0 512 512\" xmlns=\"http:\/\/www.w3.org\/2000\/svg\"><path d=\"M173.898 439.404l-166.4-166.4c-9.997-9.997-9.997-26.206 0-36.204l36.203-36.204c9.997-9.998 26.207-9.998 36.204 0L192 312.69 432.095 72.596c9.997-9.997 26.207-9.997 36.204 0l36.203 36.204c9.997 9.997 9.997 26.206 0 36.204l-294.4 294.401c-9.998 9.997-26.207 9.997-36.204-.001z\"><\/path><\/svg>\t\t\t\t\t\t<\/span>\n\t\t\t\t\t\t\t\t\t\t<span class=\"elementor-icon-list-text\">NVMe SSD storage<\/span>\n\t\t\t\t\t\t\t\t\t<\/li>\n\t\t\t\t\t\t\t\t<li class=\"elementor-icon-list-item\">\n\t\t\t\t\t\t\t\t\t\t\t<span class=\"elementor-icon-list-icon\">\n\t\t\t\t\t\t\t<svg aria-hidden=\"true\" class=\"e-font-icon-svg e-fas-check\" viewBox=\"0 0 512 512\" xmlns=\"http:\/\/www.w3.org\/2000\/svg\"><path d=\"M173.898 439.404l-166.4-166.4c-9.997-9.997-9.997-26.206 0-36.204l36.203-36.204c9.997-9.998 26.207-9.998 36.204 0L192 312.69 432.095 72.596c9.997-9.997 26.207-9.997 36.204 0l36.203 36.204c9.997 9.997 9.997 26.206 0 36.204l-294.4 294.401c-9.998 9.997-26.207 9.997-36.204-.001z\"><\/path><\/svg>\t\t\t\t\t\t<\/span>\n\t\t\t\t\t\t\t\t\t\t<span class=\"elementor-icon-list-text\">24\/7 customer support<\/span>\n\t\t\t\t\t\t\t\t\t<\/li>\n\t\t\t\t\t\t<\/ul>\n\t\t\t\t\t\t<\/div>\n\t\t\t\t<\/div>\n\t\t\t\t<div class=\"elementor-element elementor-element-97ce4f8 elementor-mobile-align-center elementor-align-left elementor-widget elementor-widget-button\" data-id=\"97ce4f8\" data-element_type=\"widget\" data-e-type=\"widget\" data-widget_type=\"button.default\">\n\t\t\t\t<div class=\"elementor-widget-container\">\n\t\t\t\t\t\t\t\t\t<div class=\"elementor-button-wrapper\">\n\t\t\t\t\t<a class=\"elementor-button elementor-button-link elementor-size-sm\" href=\"#deal\">\n\t\t\t\t\t\t<span class=\"elementor-button-content-wrapper\">\n\t\t\t\t\t\t\t\t\t<span class=\"elementor-button-text\">Claim plan<\/span>\n\t\t\t\t\t<\/span>\n\t\t\t\t\t<\/a>\n\t\t\t\t<\/div>\n\t\t\t\t\t\t\t\t<\/div>\n\t\t\t\t<\/div>\n\t\t\t\t<div class=\"elementor-element elementor-element-1a3e51e elementor-widget__width-auto elementor-view-default elementor-widget elementor-widget-icon\" data-id=\"1a3e51e\" data-element_type=\"widget\" data-e-type=\"widget\" data-widget_type=\"icon.default\">\n\t\t\t\t<div class=\"elementor-widget-container\">\n\t\t\t\t\t\t\t<div class=\"elementor-icon-wrapper\">\n\t\t\t<div class=\"elementor-icon\">\n\t\t\t<i aria-hidden=\"true\" class=\"icon icon-shield\"><\/i>\t\t\t<\/div>\n\t\t<\/div>\n\t\t\t\t\t\t<\/div>\n\t\t\t\t<\/div>\n\t\t\t\t<div class=\"elementor-element elementor-element-8bdfc5a elementor-widget-mobile__width-initial elementor-widget__width-auto elementor-widget elementor-widget-heading\" data-id=\"8bdfc5a\" data-element_type=\"widget\" data-e-type=\"widget\" data-widget_type=\"heading.default\">\n\t\t\t\t<div class=\"elementor-widget-container\">\n\t\t\t\t\t<h2 class=\"elementor-heading-title elementor-size-default\">30-day money-back guarantee<\/h2>\t\t\t\t<\/div>\n\t\t\t\t<\/div>\n\t\t\t\t\t<\/div>\n\t\t<\/div>\n\t\t\t\t<div class=\"elementor-column elementor-col-50 elementor-top-column elementor-element elementor-element-7d81793\" data-id=\"7d81793\" data-element_type=\"column\" data-e-type=\"column\">\n\t\t\t<div class=\"elementor-widget-wrap elementor-element-populated\">\n\t\t\t\t\t\t<div class=\"elementor-element elementor-element-ba28caa elementor-widget elementor-widget-image\" data-id=\"ba28caa\" data-element_type=\"widget\" data-e-type=\"widget\" data-widget_type=\"image.default\">\n\t\t\t\t<div class=\"elementor-widget-container\">\n\t\t\t\t\t\t\t\t\t\t\t\t\t\t\t<img width=\"768\" height=\"455\" src=\"https:\/\/www.fyphost.com\/wp-content\/uploads\/2025\/12\/n8n-bg-768x455.png\" class=\"attachment-medium_large size-medium_large wp-image-18992\" alt=\"\" srcset=\"https:\/\/www.fyphost.com\/wp-content\/uploads\/2025\/12\/n8n-bg-768x455.png 768w, https:\/\/www.fyphost.com\/wp-content\/uploads\/2025\/12\/n8n-bg-300x178.png 300w, https:\/\/www.fyphost.com\/wp-content\/uploads\/2025\/12\/n8n-bg-1024x606.png 1024w, https:\/\/www.fyphost.com\/wp-content\/uploads\/2025\/12\/n8n-bg.png 1115w\" sizes=\"(max-width: 768px) 100vw, 768px\" \/>\t\t\t\t\t\t\t\t\t\t\t\t\t\t\t<\/div>\n\t\t\t\t<\/div>\n\t\t\t\t\t<\/div>\n\t\t<\/div>\n\t\t\t\t\t<\/div>\n\t\t<\/section>\n\t\t\t\t<section class=\"elementor-section elementor-top-section elementor-element elementor-element-9c9d0ff elementor-section-boxed elementor-section-height-default elementor-section-height-default\" data-id=\"9c9d0ff\" data-element_type=\"section\" data-e-type=\"section\">\n\t\t\t\t\t\t<div class=\"elementor-container elementor-column-gap-default\">\n\t\t\t\t\t<div class=\"elementor-column elementor-col-100 elementor-top-column elementor-element elementor-element-7d76849\" data-id=\"7d76849\" data-element_type=\"column\" data-e-type=\"column\">\n\t\t\t<div class=\"elementor-widget-wrap elementor-element-populated\">\n\t\t\t\t\t\t<div class=\"elementor-element elementor-element-3623161 elementor-widget elementor-widget-spacer\" data-id=\"3623161\" data-element_type=\"widget\" data-e-type=\"widget\" data-widget_type=\"spacer.default\">\n\t\t\t\t<div class=\"elementor-widget-container\">\n\t\t\t\t\t\t\t<div class=\"elementor-spacer\">\n\t\t\t<div class=\"elementor-spacer-inner\"><\/div>\n\t\t<\/div>\n\t\t\t\t\t\t<\/div>\n\t\t\t\t<\/div>\n\t\t\t\t\t<\/div>\n\t\t<\/div>\n\t\t\t\t\t<\/div>\n\t\t<\/section>\n\t\t\t\t<section class=\"elementor-section elementor-top-section elementor-element elementor-element-21d5e3f elementor-section-boxed elementor-section-height-default elementor-section-height-default\" data-id=\"21d5e3f\" data-element_type=\"section\" data-e-type=\"section\">\n\t\t\t\t\t\t<div class=\"elementor-container elementor-column-gap-default\">\n\t\t\t\t\t<div class=\"elementor-column elementor-col-100 elementor-top-column elementor-element elementor-element-ab48014\" data-id=\"ab48014\" data-element_type=\"column\" data-e-type=\"column\">\n\t\t\t<div class=\"elementor-widget-wrap elementor-element-populated\">\n\t\t\t\t\t\t<div class=\"elementor-element elementor-element-ad8d4df elementor-widget elementor-widget-heading\" data-id=\"ad8d4df\" data-element_type=\"widget\" data-e-type=\"widget\" data-widget_type=\"heading.default\">\n\t\t\t\t<div class=\"elementor-widget-container\">\n\t\t\t\t\t<h2 class=\"elementor-heading-title elementor-size-default\">VPS pricing options for every budget<\/h2>\t\t\t\t<\/div>\n\t\t\t\t<\/div>\n\t\t\t\t\t<\/div>\n\t\t<\/div>\n\t\t\t\t\t<\/div>\n\t\t<\/section>\n\t\t\t\t<section class=\"elementor-section elementor-top-section elementor-element elementor-element-c4fdd29 elementor-section-boxed elementor-section-height-default elementor-section-height-default\" data-id=\"c4fdd29\" data-element_type=\"section\" data-e-type=\"section\">\n\t\t\t\t\t\t<div class=\"elementor-container elementor-column-gap-default\">\n\t\t\t\t\t<div class=\"elementor-column elementor-col-100 elementor-top-column elementor-element elementor-element-2dcfb4e\" data-id=\"2dcfb4e\" data-element_type=\"column\" data-e-type=\"column\">\n\t\t\t<div class=\"elementor-widget-wrap elementor-element-populated\">\n\t\t\t\t\t\t<div class=\"elementor-element elementor-element-47a30bf elementor-widget elementor-widget-heading\" data-id=\"47a30bf\" data-element_type=\"widget\" data-e-type=\"widget\" data-widget_type=\"heading.default\">\n\t\t\t\t<div class=\"elementor-widget-container\">\n\t\t\t\t\t<h4 class=\"elementor-heading-title elementor-size-default\">Get started in complete confidence. Our 30-day money-back guarantee means it's risk-free.\n\n<\/h4>\t\t\t\t<\/div>\n\t\t\t\t<\/div>\n\t\t\t\t\t<\/div>\n\t\t<\/div>\n\t\t\t\t\t<\/div>\n\t\t<\/section>\n\t\t\t\t<section class=\"elementor-section elementor-top-section elementor-element elementor-element-2b20c16 elementor-section-boxed elementor-section-height-default elementor-section-height-default\" data-id=\"2b20c16\" data-element_type=\"section\" data-e-type=\"section\">\n\t\t\t\t\t\t<div class=\"elementor-container elementor-column-gap-default\">\n\t\t\t\t\t<div class=\"elementor-column elementor-col-100 elementor-top-column elementor-element elementor-element-a6a29d8\" data-id=\"a6a29d8\" data-element_type=\"column\" data-e-type=\"column\">\n\t\t\t<div class=\"elementor-widget-wrap elementor-element-populated\">\n\t\t\t\t[elementor-element k=\"dd998ea15199c9596c633e3f64c56144\" data=\"eyJpZCI6IjZjOTNkZDYiLCJlbFR5cGUiOiJ3aWRnZXQiLCJzZXR0aW5ncyI6eyJzaG9ydGNvZGUiOiJbZWxlbWVudG9yLXRlbXBsYXRlIGlkPVwiMzc4OFwiXSIsIl9lbGVtZW50X2lkIjoiZGVhbCJ9LCJlbGVtZW50cyI6W10sIndpZGdldFR5cGUiOiJzaG9ydGNvZGUifQ==\"]\t\t\t<\/div>\n\t\t<\/div>\n\t\t\t\t\t<\/div>\n\t\t<\/section>\n\t\t\t\t<section class=\"elementor-section elementor-top-section elementor-element elementor-element-9217767 elementor-section-boxed elementor-section-height-default elementor-section-height-default\" data-id=\"9217767\" data-element_type=\"section\" data-e-type=\"section\">\n\t\t\t\t\t\t<div class=\"elementor-container elementor-column-gap-default\">\n\t\t\t\t\t<div class=\"elementor-column elementor-col-100 elementor-top-column elementor-element elementor-element-0c536bf\" data-id=\"0c536bf\" data-element_type=\"column\" data-e-type=\"column\">\n\t\t\t<div class=\"elementor-widget-wrap elementor-element-populated\">\n\t\t\t\t\t\t<div class=\"elementor-element elementor-element-e1fe38b elementor-widget elementor-widget-html\" data-id=\"e1fe38b\" data-element_type=\"widget\" data-e-type=\"widget\" data-widget_type=\"html.default\">\n\t\t\t\t<div class=\"elementor-widget-container\">\n\t\t\t\t\t<div class=\"contact-section\">\n  <div class=\"contact-box\">\n    <a href=\"https:\/\/www.fyphost.com\/#max-widget\" class=\"contact-item\" target=\"_blank\">\n      <img src=\"https:\/\/www.fyphost.com\/wp-content\/uploads\/2025\/04\/sales-chat.png\" alt=\"Chat Icon\">\n      <h3>Chat<\/h3>\n      <p>24\/7 chat support<\/p>\n    <\/a>\n    <div class=\"contact-item\">\n      <img src=\"https:\/\/www.fyphost.com\/wp-content\/uploads\/2025\/04\/email.png\" alt=\"Email Icon\">\n      <h3>E-mail<\/h3>\n      <p>sales@fyphost.com<\/p>\n    <\/div>\n    <a href=\"https:\/\/www.fyphost.com\/form-help\" class=\"contact-item\" target=\"_blank\">\n      <img src=\"https:\/\/www.fyphost.com\/wp-content\/uploads\/2025\/04\/solution.png\" alt=\"Form Icon\">\n      <h3>Form<\/h3>\n      <p>Custom Solutions<\/p>\n    <\/a>\n  <\/div>\n<\/div>\t\t\t\t<\/div>\n\t\t\t\t<\/div>\n\t\t\t\t\t<\/div>\n\t\t<\/div>\n\t\t\t\t\t<\/div>\n\t\t<\/section>\n\t\t\t\t<section class=\"elementor-section elementor-top-section elementor-element elementor-element-06224ea elementor-section-boxed elementor-section-height-default elementor-section-height-default\" data-id=\"06224ea\" data-element_type=\"section\" data-e-type=\"section\">\n\t\t\t\t\t\t<div class=\"elementor-container elementor-column-gap-default\">\n\t\t\t\t\t<div class=\"elementor-column elementor-col-50 elementor-top-column elementor-element elementor-element-58e4842\" data-id=\"58e4842\" data-element_type=\"column\" data-e-type=\"column\">\n\t\t\t<div class=\"elementor-widget-wrap elementor-element-populated\">\n\t\t\t\t\t\t<div class=\"elementor-element elementor-element-4ab783a elementor-widget elementor-widget-image\" data-id=\"4ab783a\" data-element_type=\"widget\" data-e-type=\"widget\" data-widget_type=\"image.default\">\n\t\t\t\t<div class=\"elementor-widget-container\">\n\t\t\t\t\t\t\t\t\t\t\t\t\t\t\t<img src=\"https:\/\/www.fyphost.com\/wp-content\/uploads\/elementor\/thumbs\/workflow-rk0qr7ijgohbhycrosueb0o6439htlvqkycs6gylqy.png\" title=\"workflow\" alt=\"workflow\" loading=\"lazy\" \/>\t\t\t\t\t\t\t\t\t\t\t\t\t\t\t<\/div>\n\t\t\t\t<\/div>\n\t\t\t\t\t<\/div>\n\t\t<\/div>\n\t\t\t\t<div class=\"elementor-column elementor-col-50 elementor-top-column elementor-element elementor-element-c72dbb4\" data-id=\"c72dbb4\" data-element_type=\"column\" data-e-type=\"column\">\n\t\t\t<div class=\"elementor-widget-wrap elementor-element-populated\">\n\t\t\t\t\t\t<div class=\"elementor-element elementor-element-fc22d08 elementor-widget elementor-widget-heading\" data-id=\"fc22d08\" data-element_type=\"widget\" data-e-type=\"widget\" data-widget_type=\"heading.default\">\n\t\t\t\t<div class=\"elementor-widget-container\">\n\t\t\t\t\t<h2 class=\"elementor-heading-title elementor-size-default\">Connect Every Workflows<\/h2>\t\t\t\t<\/div>\n\t\t\t\t<\/div>\n\t\t\t\t<div class=\"elementor-element elementor-element-c5e436c elementor-widget elementor-widget-heading\" data-id=\"c5e436c\" data-element_type=\"widget\" data-e-type=\"widget\" data-widget_type=\"heading.default\">\n\t\t\t\t<div class=\"elementor-widget-container\">\n\t\t\t\t\t<h2 class=\"elementor-heading-title elementor-size-default\">n8n is the open-source workspace that connects your favorite services. It is the no code, zero implementation solution that truly lets you Drag, Drop and Deploy automation in every way possible. Manage all your n8n automations in one visual dashboard. Your automation is safe, faster than ever, and can scale on-demand on our n8n Cloud.<\/h2>\t\t\t\t<\/div>\n\t\t\t\t<\/div>\n\t\t\t\t\t<\/div>\n\t\t<\/div>\n\t\t\t\t\t<\/div>\n\t\t<\/section>\n\t\t\t\t<section class=\"elementor-section elementor-top-section elementor-element elementor-element-05d6c65 elementor-section-boxed elementor-section-height-default elementor-section-height-default\" data-id=\"05d6c65\" data-element_type=\"section\" data-e-type=\"section\">\n\t\t\t\t\t\t<div class=\"elementor-container elementor-column-gap-default\">\n\t\t\t\t\t<div class=\"elementor-column elementor-col-100 elementor-top-column elementor-element elementor-element-60d81f2\" data-id=\"60d81f2\" data-element_type=\"column\" data-e-type=\"column\">\n\t\t\t<div class=\"elementor-widget-wrap elementor-element-populated\">\n\t\t\t\t\t\t<div class=\"elementor-element elementor-element-459521e elementor-widget elementor-widget-html\" data-id=\"459521e\" data-element_type=\"widget\" data-e-type=\"widget\" data-widget_type=\"html.default\">\n\t\t\t\t<div class=\"elementor-widget-container\">\n\t\t\t\t\t<!DOCTYPE html>\n<html lang=\"en\">\n<head>\n  <meta charset=\"UTF-8\" \/>\n  <meta name=\"viewport\" content=\"width=device-width, initial-scale=1.0\"\/>\n  <title>Hosting Features<\/title>\n  <style>\n    body {\n      font-family: Arial, sans-serif;\n      line-height: 1.6;\n      margin: 0;\n      padding: 0;\n      background-color: #f9fcff;\n      overflow-x: hidden;\n    }\n\n    .section {\n      padding: 40px 20px;\n      max-width: 1000px;\n      margin: auto;\n    }\n\n    .feature-box {\n      background-color: #e9f7ff;\n      padding: 30px;\n      border-radius: 16px;\n      display: flex;\n      align-items: center;\n      gap: 30px;\n      flex-wrap: wrap;\n      margin-bottom: 60px;\n      box-sizing: border-box;\n    }\n\n    .feature-box img {\n      width: 100%;\n      max-width: 300px;\n      height: auto;\n      flex-shrink: 0;\n    }\n\n    .feature-text {\n      flex: 1;\n      min-width: 250px;\n    }\n\n    .feature-text h2 {\n      margin-top: 0;\n      color: #083a6e;\n    }\n\n    .feature-text p {\n      color: #333;\n    }\n\n    @media (max-width: 768px) {\n      .feature-box,\n      .terminal-section {\n        flex-direction: column;\n        text-align: center;\n      }\n\n      .feature-text,\n      .terminal-section .text {\n        width: 100%;\n      }\n\n      .feature-box img,\n      .terminal-section img {\n        margin: 0 auto;\n      }\n    }\n  <\/style>\n<\/head>\n<body>\n\n  <div class=\"section\">\n    <div class=\"feature-box\">\n      <img src=\"https:\/\/www.fyphost.com\/wp-content\/uploads\/2025\/05\/images__21_-removebg-preview.png\" alt=\"Control Panel Logos\">\n      <div class=\"feature-text\">\n       <h2> Experience Unmatched Performance with Next-Gen Intel Power<\/h2>\n       <p>Our top-tier VPS hosting solutions are engineered and rigorously tested on the latest Intel processors and chipsets before launch\u2014ensuring blazing-fast performance and reliability from day one<\/p>\n \n      <\/div>\n   <\/div>\n<\/body>\n<\/html>\t\t\t\t<\/div>\n\t\t\t\t<\/div>\n\t\t\t\t\t<\/div>\n\t\t<\/div>\n\t\t\t\t\t<\/div>\n\t\t<\/section>\n\t\t\t\t<section class=\"elementor-section elementor-top-section elementor-element elementor-element-38c26fd elementor-section-boxed elementor-section-height-default elementor-section-height-default\" data-id=\"38c26fd\" data-element_type=\"section\" data-e-type=\"section\">\n\t\t\t\t\t\t<div class=\"elementor-container elementor-column-gap-default\">\n\t\t\t\t\t<div class=\"elementor-column elementor-col-100 elementor-top-column elementor-element elementor-element-6fd4b3c\" data-id=\"6fd4b3c\" data-element_type=\"column\" data-e-type=\"column\">\n\t\t\t<div class=\"elementor-widget-wrap elementor-element-populated\">\n\t\t\t\t\t\t<div class=\"elementor-element elementor-element-0c98043 elementor-widget elementor-widget-html\" data-id=\"0c98043\" data-element_type=\"widget\" data-e-type=\"widget\" data-widget_type=\"html.default\">\n\t\t\t\t<div class=\"elementor-widget-container\">\n\t\t\t\t\t<!DOCTYPE html>\n<html lang=\"en\">\n<head>\n  <meta charset=\"UTF-8\" \/>\n  <meta name=\"viewport\" content=\"width=device-width, initial-scale=1.0\"\/>\n  <title>Hosting Features<\/title>\n  <style>\n    body {\n      font-family: Arial, sans-serif;\n      line-height: 1.6;\n      margin: 0;\n      padding: 0;\n      background-color: #f9fcff;\n      overflow-x: hidden;\n    }\n\n    .section {\n      padding: 40px 20px;\n      max-width: 1000px;\n      margin: auto;\n    }\n\n    .feature-box {\n      background-color: #e9f7ff;\n      padding: 10px;\n      border-radius: 16px;\n      display: flex;\n      align-items: center;\n      gap: 30px;\n      flex-wrap: wrap;\n      margin-bottom: 60px;\n      box-sizing: border-box;\n    }\n\n    .feature-box img {\n      width: 100%;\n      max-width: 300px;\n      height: auto;\n      flex-shrink: 0;\n    }\n\n    .feature-text {\n      flex: 1;\n      min-width: 250px;\n    }\n\n    .feature-text h2 {\n      margin-top: 0;\n      color: #083a6e;\n    }\n\n    .feature-text p {\n      color: #333;\n    }\n\n    @media (max-width: 768px) {\n      .feature-box,\n      .terminal-section {\n        flex-direction: column;\n        text-align: center;\n      }\n\n      .feature-text,\n      .terminal-section .text {\n        width: 100%;\n      }\n\n      .feature-box img,\n      .terminal-section img {\n        margin: 0 auto;\n      }\n    }\n  <\/style>\n<\/head>\n<body>\n\n  <div class=\"section\">\n    <div class=\"feature-box\">\n      <img src=\"https:\/\/www.fyphost.com\/wp-content\/uploads\/2025\/04\/2286814.png\" alt=\"Control Panel Logos\">\n      <div class=\"feature-text\">\n       <h2>SSD NVMe storage<\/h2>\n       <p>Say goodbye to traditional hard drives. Our premium VPS solutions feature 100% NVMe SSD storage, delivering lightning-fast speeds, enhanced web performance, and a truly lag-free hosting experience.<\/p>\n \n      <\/div>\n   <\/div>\n<\/body>\n<\/html>\t\t\t\t<\/div>\n\t\t\t\t<\/div>\n\t\t\t\t\t<\/div>\n\t\t<\/div>\n\t\t\t\t\t<\/div>\n\t\t<\/section>\n\t\t\t\t<section class=\"elementor-section elementor-top-section elementor-element elementor-element-a5fcadf elementor-section-boxed elementor-section-height-default elementor-section-height-default\" data-id=\"a5fcadf\" data-element_type=\"section\" data-e-type=\"section\">\n\t\t\t\t\t\t<div class=\"elementor-container elementor-column-gap-default\">\n\t\t\t\t\t<div class=\"elementor-column elementor-col-100 elementor-top-column elementor-element elementor-element-e133169\" data-id=\"e133169\" data-element_type=\"column\" data-e-type=\"column\">\n\t\t\t<div class=\"elementor-widget-wrap elementor-element-populated\">\n\t\t\t\t\t\t<div class=\"elementor-element elementor-element-efc7cc0 elementor-widget elementor-widget-html\" data-id=\"efc7cc0\" data-element_type=\"widget\" data-e-type=\"widget\" data-widget_type=\"html.default\">\n\t\t\t\t<div class=\"elementor-widget-container\">\n\t\t\t\t\t<!DOCTYPE html>\n<html lang=\"en\">\n<head>\n  <meta charset=\"UTF-8\" \/>\n  <meta name=\"viewport\" content=\"width=device-width, initial-scale=1.0\"\/>\n  <title>Hosting Features<\/title>\n  <style>\n    body {\n      font-family: Arial, sans-serif;\n      line-height: 1.6;\n      margin: 0;\n      padding: 0;\n      background-color: #f9fcff;\n      overflow-x: hidden;\n    }\n\n    .section {\n      padding: 40px 20px;\n      max-width: 1000px;\n      margin: auto;\n    }\n\n    .feature-box {\n      background-color: #e9f7ff;\n      padding: 30px;\n      border-radius: 16px;\n      display: flex;\n      align-items: center;\n      gap: 30px;\n      flex-wrap: wrap;\n      margin-bottom: 60px;\n      box-sizing: border-box;\n    }\n\n    .feature-box img {\n      width: 100%;\n      max-width: 300px;\n      height: auto;\n      flex-shrink: 0;\n    }\n\n    .feature-text {\n      flex: 1;\n      min-width: 250px;\n    }\n\n    .feature-text h2 {\n      margin-top: 0;\n      color: #083a6e;\n    }\n\n    .feature-text p {\n      color: #333;\n    }\n\n    @media (max-width: 768px) {\n      .feature-box,\n      .terminal-section {\n        flex-direction: column;\n        text-align: center;\n      }\n\n      .feature-text,\n      .terminal-section .text {\n        width: 100%;\n      }\n\n      .feature-box img,\n      .terminal-section img {\n        margin: 0 auto;\n      }\n    }\n  <\/style>\n<\/head>\n<body>\n\n  <div class=\"section\">\n    <div class=\"feature-box\">\n      <img src=\"https:\/\/www.fyphost.com\/wp-content\/uploads\/2025\/04\/domain-name-resolution.png\" alt=\"Control Panel Logos\">\n      <div class=\"feature-text\">\n       <h2>Host multiple domains<\/h2>\n       <p>Limitless is the New Standard\nWith our powerful VPS hosting solutions, managing multiple websites or domains on a single server is effortless. Enjoy full flexibility and scalability through a user-friendly dashboard\u2014streamlining your workflow, reducing server management costs, and simplifying your entire hosting experience.<\/p>\n \n      <\/div>\n   <\/div>\n<\/body>\n<\/html>\t\t\t\t<\/div>\n\t\t\t\t<\/div>\n\t\t\t\t\t<\/div>\n\t\t<\/div>\n\t\t\t\t\t<\/div>\n\t\t<\/section>\n\t\t\t\t<section class=\"elementor-section elementor-top-section elementor-element elementor-element-0ef52b3 elementor-section-boxed elementor-section-height-default elementor-section-height-default\" data-id=\"0ef52b3\" data-element_type=\"section\" data-e-type=\"section\">\n\t\t\t\t\t\t<div class=\"elementor-container elementor-column-gap-default\">\n\t\t\t\t\t<div class=\"elementor-column elementor-col-100 elementor-top-column elementor-element elementor-element-77fc0c2\" data-id=\"77fc0c2\" data-element_type=\"column\" data-e-type=\"column\">\n\t\t\t<div class=\"elementor-widget-wrap\">\n\t\t\t\t\t\t\t<\/div>\n\t\t<\/div>\n\t\t\t\t\t<\/div>\n\t\t<\/section>\n\t\t\t\t<section class=\"elementor-section elementor-top-section elementor-element elementor-element-ea28fd1 elementor-section-boxed elementor-section-height-default elementor-section-height-default\" data-id=\"ea28fd1\" data-element_type=\"section\" data-e-type=\"section\">\n\t\t\t\t\t\t<div class=\"elementor-container elementor-column-gap-default\">\n\t\t\t\t\t<div class=\"elementor-column elementor-col-100 elementor-top-column elementor-element elementor-element-72263e9\" data-id=\"72263e9\" data-element_type=\"column\" data-e-type=\"column\">\n\t\t\t<div class=\"elementor-widget-wrap\">\n\t\t\t\t\t\t\t<\/div>\n\t\t<\/div>\n\t\t\t\t\t<\/div>\n\t\t<\/section>\n\t\t\t\t<section class=\"elementor-section elementor-top-section elementor-element elementor-element-b668d68 elementor-section-boxed elementor-section-height-default elementor-section-height-default\" data-id=\"b668d68\" data-element_type=\"section\" data-e-type=\"section\">\n\t\t\t\t\t\t<div class=\"elementor-container elementor-column-gap-default\">\n\t\t\t\t\t<div class=\"elementor-column elementor-col-100 elementor-top-column elementor-element elementor-element-9d05f1f\" data-id=\"9d05f1f\" data-element_type=\"column\" data-e-type=\"column\">\n\t\t\t<div class=\"elementor-widget-wrap elementor-element-populated\">\n\t\t\t\t[elementor-element k=\"dd998ea15199c9596c633e3f64c56144\" data=\"eyJpZCI6Ijc4OTk0YTAiLCJlbFR5cGUiOiJ3aWRnZXQiLCJzZXR0aW5ncyI6eyJzaG9ydGNvZGUiOiJbZWxlbWVudG9yLXRlbXBsYXRlIGlkPVwiNDQ1NFwiXSJ9LCJlbGVtZW50cyI6W10sIndpZGdldFR5cGUiOiJzaG9ydGNvZGUifQ==\"]\t\t\t<\/div>\n\t\t<\/div>\n\t\t\t\t\t<\/div>\n\t\t<\/section>\n\t\t\t\t<section class=\"elementor-section elementor-top-section elementor-element elementor-element-878c45b elementor-section-boxed elementor-section-height-default elementor-section-height-default\" data-id=\"878c45b\" data-element_type=\"section\" data-e-type=\"section\">\n\t\t\t\t\t\t<div class=\"elementor-container elementor-column-gap-default\">\n\t\t\t\t\t<div class=\"elementor-column elementor-col-100 elementor-top-column elementor-element elementor-element-c3f4693\" data-id=\"c3f4693\" data-element_type=\"column\" data-e-type=\"column\">\n\t\t\t<div class=\"elementor-widget-wrap elementor-element-populated\">\n\t\t\t\t\t\t<div class=\"elementor-element elementor-element-d3c2111 elementor-widget elementor-widget-heading\" data-id=\"d3c2111\" data-element_type=\"widget\" data-e-type=\"widget\" data-widget_type=\"heading.default\">\n\t\t\t\t<div class=\"elementor-widget-container\">\n\t\t\t\t\t<h2 class=\"elementor-heading-title elementor-size-default\">t&amp;c applies to all plans<\/h2>\t\t\t\t<\/div>\n\t\t\t\t<\/div>\n\t\t\t\t\t<\/div>\n\t\t<\/div>\n\t\t\t\t\t<\/div>\n\t\t<\/section>\n\t\t"",""scripts"":[],""styles"":[]}}"
